"displayUrl","caption","ownerFullName","ownerUsername","url","commentsCount","firstComment","likesCount","timestamp","queryTag"
"https://scontent-lax3-1.cdninstagram.com/v/t51.2885-15/632859410_2073791903409830_8460529306055965410_n.jpg?stp=dst-jpg_e15_tt6&_nc_ht=scontent-lax3-1.cdninstagram.com&_nc_cat=102&_nc_oc=Q6cZ2QHZbqlJC6UXX8C2ib3qrK-9YVZotNdy20bqmyUjL9HIbDUkMMSJR5UoaHP3q_Sf9YM&_nc_ohc=FT2nESbBxy8Q7kNvwF02szF&_nc_gid=Z3i_3WWOW7xy9QTYqreGzQ&edm=APs17CUBAAAA&ccb=7-5&oh=00_AfvRBdBwgL38Vx1e59GvbcbvyXaDiu0K-B81hAC_q2bhBw&oe=699E66F7&_nc_sid=10d13b","Escuchar a @delacallesenado reconocer el trabajo que hemos hecho por la Ley contra el Ruido y la Ley de Ciudades Verdes es un honor grande.

Nada de esto se logra solo. Con @davalho hemos dado debates, insistido y defendido causas que realmente benefician a Medellín y Antioquia.

La política también es saber rodearse bien y trabajar en equipo para que las cosas pasen.

🗳️ Mira la cara de Galán y vota 111  por el Nuevo Liberalismo 💙

#CamideAmbiente #111ALaCámara #Medellín #Antioquia #CiudadesVerdes LeyContraElRuido NuevoLiberalismo","Camilo Quintero Giraldo","camideambiente","https://www.instagram.com/p/DU6yX84CdRY/","2","Este señor es lo máximo.  Decente e inteligente.","-1","2026-02-19T00:00:02.000Z",
"https://scontent-mia5-1.cdninstagram.com/v/t51.2885-15/633834751_18532048171070113_5917786901166661833_n.jpg?stp=dst-jpg_e15_tt6&_nc_ht=scontent-mia5-1.cdninstagram.com&_nc_cat=101&_nc_oc=Q6cZ2QG1T90W76R0yni9JGKTrIWwprPln_bbAhgIU0Jl-SLRer-AJinu6yn2Zky3mhRnMqA&_nc_ohc=sURP2XApIQoQ7kNvwFMPYjG&_nc_gid=fxPeXfQNgwVeYc_-WMC4mw&edm=APs17CUBAAAA&ccb=7-5&oh=00_Afu9pj_R6vnLiIggVvXm1mmz4-KQvCEsLhIJDUPS9BupIw&oe=699E7043&_nc_sid=10d13b","A las seis de la mañana una bomba destruyó mi pueblo.

Me tocó salir de Granada siendo muy joven y llegar desplazado a Medellín, sin saber cómo iba a empezar de nuevo. Aquí encontré protección, amigos y una ciudad que me permitió reconstruirme.

Esa historia no la olvido. Por eso quiero seguir cuidando a Medellín y a Antioquia, como a mí me cuidaron.

🗳️ Mira la cara de Galán y vota 111 💙

#CamideAmbiente #Medellín #Antioquia #HistoriaDeVida #NuevoLiberalismo","Camilo Quintero Giraldo","camideambiente","https://www.instagram.com/p/DU8E_-hDjt_/","7","La casa de abuela, que buenos recuerdos me llegaron, con toda primo💪🏼💪🏼💪🏼","362","2026-02-19T12:00:00.000Z",
"https://scontent-hou1-1.cdninstagram.com/v/t51.2885-15/637699891_888407043931481_3769779267538408043_n.jpg?stp=dst-jpg_e15_tt6&_nc_ht=scontent-hou1-1.cdninstagram.com&_nc_cat=105&_nc_oc=Q6cZ2QG9my0vV4o-SG4KkvnvFol3NR46At8vhM_AuD7qDGiamPDuru-ExUBmgdA6TJn91hA&_nc_ohc=4GMrXRej8wEQ7kNvwE67c0N&_nc_gid=jHDI4VG4x5nNS2fk3lc1ng&edm=APs17CUBAAAA&ccb=7-5&oh=00_AftMTI778hhyX7Pd3xY2y6xDouT8RPOjYBfGgmXwPV34Dw&oe=699E6686&_nc_sid=10d13b","Tenemos una deuda con nuestro río y con nuestras quebradas. 

Si la naturaleza insiste en sobrevivir, nosotros también tenemos que insistir en cuidarla. Recuperar el vínculo con el río y las quebradas no es romanticismo, es salud pública, calidad de vida y futuro para Medellín y el Valle del Aburrá.

✅ Revivir el Instituto Mi Río es una apuesta en la que creo. 

🗳️ Mira la cara de Galán y vota 111 por el Nuevo Liberalismo 💙❤️

#CamideAmbiente #RíoMedellín #111ALaCámara #Medellín #Antioquia NuevoLiberalismo","Camilo Quintero Giraldo","camideambiente","https://www.instagram.com/p/DU82BDJiTbx/","13","Nutrias ? What ? Wow que suerte la de los medellinences","174","2026-02-19T19:09:47.000Z",
"https://scontent-atl3-2.cdninstagram.com/v/t51.2885-15/617128482_18522393601070113_3824644877674180992_n.jpg?stp=dst-jpg_e35_p1080x1080_sh0.08_tt6&_nc_ht=scontent-atl3-2.cdninstagram.com&_nc_cat=101&_nc_oc=Q6cZ2QGM6opRtX0xlYpMYE5RVFTxJCxSvjuYhOMaGkWonpwE9P5L7q_9kiHdnHwQd-Nao1Wb-BfeLsbAs_uRr7DUHVF_&_nc_ohc=iFtQ-E_1-swQ7kNvwG1GFxh&_nc_gid=6H67yHpgvyxogcvO5PlzJw&edm=APs17CUBAAAA&ccb=7-5&oh=00_AfsMl8eTLw3-E3QWJFU0UdaIppkxMG6K9pdFbpTvis4Kuw&oe=699E789C&_nc_sid=10d13b","Soy Camilo de Ambiente, abogado y defensor de los animales y la naturaleza. 

Desde hoy, tu candidato a la Cámara 🗳️☝🏽

Ya lideré la Ley Contra el Ruido y la Ley de Ciudades Verdes. Ahora voy por la curul para hacerlas cumplir.

Mira la cara de Galán y vota 111 por el Nuevo Liberalismo ❤️ 
#camideambiente","Camilo Quintero Giraldo","camideambiente","https://www.instagram.com/p/DTlnZ6qDm5s/","9","Te conozco y se que eres genuino.","222","2026-01-16T22:07:55.000Z",
"https://scontent-dfw6-1.cdninstagram.com/v/t51.2885-15/618559358_18522940660070113_5950679714712755473_n.jpg?stp=dst-jpg_e15_fr_p1080x1080_tt6&_nc_ht=scontent-dfw6-1.cdninstagram.com&_nc_cat=101&_nc_oc=Q6cZ2QF3pSFViNY9FcxN5Ybnlt23muNXJ9Jd2CgclCuy6Y2HXHMqJQ9K0X9JNKW_abJVHso&_nc_ohc=RMEosGZkJjoQ7kNvwHaW76a&_nc_gid=SizAoK9j39LhgJUvDsiwRg&edm=APs17CUBAAAA&ccb=7-5&oh=00_AfuDWgvVpK0U8emS3vWvuBjykGEB143xGLyMwJIPLR529w&oe=699E5FD2&_nc_sid=10d13b","Estos árboles siguen en pie porque nos paramos a defenderlos 💚🌳

La llegada de Metroplús a Envigado amenazaba con desaparecer el Túnel Verde, un corredor ecológico muy importante para la comunidad. Nos organizamos, alzamos la voz y logramos el rediseño de la obra para protegerlo.

Hoy, aunque la obra terminó hace años, el sistema de transporte aún no entra en funcionamiento, evidenciando graves fallas en la ejecución de Metroplús.

Desde el Congreso de la República seguiré defendiendo a Antioquia y su naturaleza urbana.

Mira la cara de Galán y vota 111 a la Cámara por el Nuevo Liberalismo ❤️

 #camideambiente #túnelverde #envigado","Camilo Quintero Giraldo","camideambiente","https://www.instagram.com/p/DTs_Zf6jcyf/","109","💙♥️💜
1️⃣1️⃣1️⃣","1854","2026-01-19T18:52:14.000Z",
"https://scontent-mia5-1.cdninstagram.com/v/t51.2885-15/639487190_18532201363070113_2865842553567928503_n.jpg?stp=dst-jpg_e15_tt6&_nc_ht=scontent-mia5-1.cdninstagram.com&_nc_cat=101&_nc_oc=Q6cZ2QHOoGMad40CnBA-wXzjYtSC9W6WFQ6MQgKcJywYKykpLgG9j3uGhFN5kYLA1Z3MhdIF2ActJ8iIZFe2zvJEPXkm&_nc_ohc=bMuMzEMu_ToQ7kNvwEftS4U&_nc_gid=QX00eYuwgw4XmmC9YKhwTA&edm=APs17CUBAAAA&ccb=7-5&oh=00_AfvaBaQg0-9Udr-DoZTzAf2JzPekur94bKj8hE2Jr1ynAw&oe=699E8434&_nc_sid=10d13b","Si el 70% de las llamadas al 123 son por ruido y muchas ni siquiera se atienden, algo está fallando. 

La tranquilidad no puede depender de la suerte. Por eso vamos a crear la línea 111 contra el ruido, para que las quejas se atiendan y la ley se cumpla. 

🗳️ Mira la cara de Galán y vota 111 por el Nuevo Liberalismo ♥️ 

#LeyContraElRuido #Camideambiente #Medellín #Antioquia #Tranquilidad","Camilo Quintero Giraldo","camideambiente","https://www.instagram.com/p/DU9XaTcFHAD/","13","Y nunca llega el cuadrante","101","2026-02-20T00:00:00.000Z",
"https://scontent-hou1-1.cdninstagram.com/v/t51.2885-15/639800877_1548942809739737_3926346645554305469_n.jpg?stp=dst-jpg_e15_tt6&_nc_ht=scontent-hou1-1.cdninstagram.com&_nc_cat=105&_nc_oc=Q6cZ2QHLO72qU6q7uCRogzWBcknyonTlwOSva--CaN6NypMup33l3DFC_UwbK5Jx7b6S6XA&_nc_ohc=wfnutyKLDIAQ7kNvwFCsjs-&_nc_gid=sEdf53z9-ZIBHGotxQthWw&edm=APs17CUBAAAA&ccb=7-5&oh=00_AfvyQrWJiVNiotA29v2lpEJQyvawS09gEmt-9PUzeQAMbA&oe=699E5ABD&_nc_sid=10d13b","Esta canción no es solo un ritmo, es una invitación para apoyar las causas en las que creo:

A votar por la serenidad, por el ambiente, por la cultura, por los animales y por una Medellín y una Antioquia donde se pueda vivir mejor.

Si crees en estas causas, este 8 de marzo:

🗳️ Mira la cara de Galán y vota 111 a la Cámara por el Nuevo Liberalismo paisa ❤️

En la voz de @oceanica___ 🗣️✨

#CamideAmbiente #111ALaCámara #Medellín #Antioquia #NuevoLiberalismo","Camilo Quintero Giraldo","camideambiente","https://www.instagram.com/p/DU_OFTSjvri/","8","Yo solo quiero decir: GRACIAS CAMILOOO, GRACIAAASS!! Por tu noble alma, por tu gran trabajo que has hecho y el que vendrá!! MARCAAAA 111❤️❤️","50","2026-02-20T17:19:15.000Z",
"https://scontent-sjc6-1.cdninstagram.com/v/t51.2885-15/619817412_18523415866070113_228381370109843050_n.jpg?stp=dst-jpg_e15_tt6&_nc_ht=scontent-sjc6-1.cdninstagram.com&_nc_cat=101&_nc_oc=Q6cZ2QGBUOaZnj1QCyI8R-XqjVSXKIPEsX0F13abAp-A6Tl4yy-8oc6gcHsTiE-h5un1YFU&_nc_ohc=HS8hD3RxPLIQ7kNvwFyd9jz&_nc_gid=Zvbxlc3dQ53j1u0NfdyCZg&edm=APs17CUBAAAA&ccb=7-5&oh=00_Afvpsh1if0Hsq32GMq30K6xM4YxqyKeHP6qYN4AP2pptNA&oe=699E8B1A&_nc_sid=10d13b","El turismo sin control pone en riesgo a las comunidades y a la naturaleza, así lo muestra Benito en su último álbum. Por eso, junto a @davalho, llevamos al Congreso la Ley de Turismo Sostenible, un proyecto para poner reglas claras, ordenar el sector y lograr que su crecimiento beneficie a todos.

Si no actuamos hoy, mañana Medellín será solo un bonito recuerdo para Instagram.

Defendamos Antioquia antes de que nos borren del mapa.

Mira la cara de Galán y marca el 111 ❤️
 #camideambiente","Camilo Quintero Giraldo","camideambiente","https://www.instagram.com/p/DT0HDuQEUED/","21","Y ni que decir del aire que respiramos en Medellín 😔","455","2026-01-22T13:13:47.000Z",
"https://scontent-bos5-1.cdninstagram.com/v/t51.2885-15/632776212_1327314879204515_2639296256292372343_n.jpg?stp=dst-jpg_e15_tt6&_nc_ht=scontent-bos5-1.cdninstagram.com&_nc_cat=111&_nc_oc=Q6cZ2QEzE0NsyoZcTMGRnEKnOKl4yFUup0SlYQrP12YX1nNywNGsCchuXKDeGrbvc4kDBiA&_nc_ohc=U9IBx-8ZgqYQ7kNvwFmK8MS&_nc_gid=DEs-85Jt-sop2zHXpn4nBQ&edm=APs17CUBAAAA&ccb=7-5&oh=00_AfsxVLnIYH4qe8s2vOQ2jqaJfxO4Fm9aSTVbxzfHH0Dumw&oe=699E8FE9&_nc_sid=10d13b","La gente se une.
Se suma, conversa, comparte y le mete el corazón a esta causa.

Gracias a cada persona que está aquí, que aporta y que camina con nosotros. Esa energía se siente y nos mueve todos los días.

Seguimos sumando por Medellín y Antioquia.

🗳️ Mira la cara de Galán y vota 111 💙

#Camideambiente #111ALaCámara #Medellín #Antioquia #NuevoLiberalismo Ruta111","Camilo Quintero Giraldo","camideambiente","https://www.instagram.com/p/DU5h8JCjm_w/","3","Panas, les presto mi carro para eso. A dónde voy!?","132","2026-02-18T12:17:35.000Z",
"https://scontent-mia3-2.cdninstagram.com/v/t51.2885-15/635088972_2203187860533257_9020155729397428001_n.jpg?stp=dst-jpg_e15_tt6&_nc_ht=scontent-mia3-2.cdninstagram.com&_nc_cat=105&_nc_oc=Q6cZ2QH_UDOOsNLtkPfC5vTlMQ49K6MIfI77O9qQfBu8kDknvyFtbhFQ1r-o3h3R9LPPEJ0&_nc_ohc=u-QmsfrAogYQ7kNvwG3UOBt&_nc_gid=KaR9Fef90nKSc8xbhYMYuA&edm=APs17CUBAAAA&ccb=7-5&oh=00_Afsb9ex1NHylj440DcwZXgaSwOMe4dOzqbJ_lobMPoM0Bg&oe=699E5FD7&_nc_sid=10d13b","Me emociona profundamente que confíen en mí para defender a quienes no tienen voz.🐾🦉

Gracias por ese voto de confianza.🫂 Seguimos firmes por los animales, como lo hemos hecho desde hace años.

🗳️ Mira la cara de Galán y vota 111 por el Nuevo Liberalismo 💙

#LeyÁngel #Camideambiente #Medellín #Antioquia #Animales NuevoLiberalismos","Camilo Quintero Giraldo","camideambiente","https://www.instagram.com/p/DU0errJjsEo/","0","","-1","2026-02-16T13:11:46.000Z",
"https://scontent-lga3-3.cdninstagram.com/v/t51.2885-15/629519474_1482137787248466_3531682122658496516_n.jpg?stp=dst-jpg_e15_tt6&_nc_ht=scontent-lga3-3.cdninstagram.com&_nc_cat=106&_nc_oc=Q6cZ2QFvBWzHb9avBFMZu0HNVlbouKYQhASSGP6EBVPj2BvVLBm2cCtzzNAnKDfzp8UImQs&_nc_ohc=MtZ-RE3nOJMQ7kNvwFzwuwv&_nc_gid=YBVkN7QzJ0wWbjJvQlaG6g&edm=APs17CUBAAAA&ccb=7-5&oh=00_AfsNkJCWWMNmnzA6xIMPArcjeVg7pmKwhWur2UUqywGBag&oe=699E79E4&_nc_sid=10d13b","Qué semana tan potente.
Más personas, más apoyos y más fuerza para esta ruta 111.
Recibo esa confianza con responsabilidad y con toda la energía para continuar la defensa de Antioquia, la naturaleza y nuestra gente. 

Siempre adelante 🌳🌱

🗳️ Mira la cara de Galán y vota 111, por el Nuevo Liberalismo 💙

#Camideambiente #111ALaCámara #Medellín #Antioquia #NuevoLiberalismo","Camilo Quintero Giraldo","camideambiente","https://www.instagram.com/p/DUyGMBlDunA/","2","Super","137","2026-02-15T15:00:04.000Z",
"https://scontent-atl3-2.cdninstagram.com/v/t51.2885-15/634740163_1562083531569580_7976259113163016560_n.jpg?stp=dst-jpg_e15_tt6&_nc_ht=scontent-atl3-2.cdninstagram.com&_nc_cat=104&_nc_oc=Q6cZ2QE6sigmxG_RGgxOMyiEiVm05GZdEpHmci0FBXMYzE6n7N2I_GVkKPD1YHtqEcddZgy8Dm57qorIj0BrSFIXRZVa&_nc_ohc=vKr86HIrnqsQ7kNvwHXD7UX&_nc_gid=DE_YelrLz-3pDpZhAvMlUw&edm=APs17CUBAAAA&ccb=7-5&oh=00_AfvLHcTVe7vwC7neSuYfuUEWRS99yBO0A1Z_u4sanp43Cg&oe=699E62E3&_nc_sid=10d13b","EnCicla fue el primer sistema de bicicletas públicas de Colombia y hoy está en crisis. 

Defender a Medellín y al Valle de Aburrá es trabajar para que este sistema de transporte sostenible regrese con más fuerza. Ese será mi compromiso desde el Congreso de la República.

🗳️ Mira la cara de Galán y vota 111 por el Nuevo Liberalismo 💙

#EnCicla #Camideambiente #Medellín #Antioquia #MovilidadSostenible NuevoLiberalismo","Camilo Quintero Giraldo","camideambiente","https://www.instagram.com/p/DUvqBaKDggd/","99","Los Zurdos dañan todo lo que masomenos funciona bien... otro caso","2178","2026-02-14T16:14:39.000Z",
"https://scontent-lga3-3.cdninstagram.com/v/t51.2885-15/629351481_909375074921770_5481010696895347428_n.jpg?stp=dst-jpg_e15_tt6&_nc_ht=scontent-lga3-3.cdninstagram.com&_nc_cat=110&_nc_oc=Q6cZ2QFC0G1Rq-SVBLFpRNAEGeMjvt7iK8S5oHqZbwILNiJd2L-p3pLvJjG46tBxS1sd7eVUJT9lLTtDR8hhEflOphJR&_nc_ohc=zsFL25PwsskQ7kNvwHxspW_&_nc_gid=UqluLYNtOsnt3csuHqBnlg&edm=APs17CUBAAAA&ccb=7-5&oh=00_AfuG6hceIwF7sOl5wJudHkDOZKMFN6Ve4V0M7kc4Bk-5cA&oe=699E8A8F&_nc_sid=10d13b","En Támesis conocimos a Juliana y a Khanabiotic, un emprendimiento que le apuesta a la educación y al uso responsable del cannabis.

Hablar de libertades también es hablar de información, ciencia y decisiones bien acompañadas. Antioquia tiene gente valiente que emprende y abre conversaciones necesarias.

Seguimos recorriendo el departamento, sumando voces a esta ruta 111 por las libertades.

🗳️ Mira la cara de Galán y vota 111 por el Nuevo Liberalismo💙

#Ruta111 #CannabisResponsable #Antioquia #Emprendimiento #NuevoLiberalismo","Camilo Quintero Giraldo","camideambiente","https://www.instagram.com/p/DU1GGDWCSdI/","11","Voten 111","106","2026-02-16T18:57:17.000Z",
"https://scontent-sea5-1.cdninstagram.com/v/t51.2885-15/637750927_1622290369083187_1920714391147700131_n.jpg?stp=dst-jpg_e15_tt6&_nc_ht=scontent-sea5-1.cdninstagram.com&_nc_cat=107&_nc_oc=Q6cZ2QGRti3zsaj28GXTa2jQi1up5Y2PtpgSsg10O7r-tYg_Nf_T6rTNijYXjVXGVkIomPU&_nc_ohc=oDWp4i3bN8sQ7kNvwGnvZZE&_nc_gid=VTz-B6fxY3XUHO5cUwwzqQ&edm=APs17CUBAAAA&ccb=7-5&oh=00_AftSLertI7q3KlyN92ug1f-rAaKzXSvE72k2h0k0hP49jA&oe=699E900C&_nc_sid=10d13b","Antioquia no es un parque de diversiones.
Es la casa de millones de personas, con cultura, naturaleza y paisajes que merecen respeto.

Defender el turismo responsable también es defender a quienes vivimos aquí. Que genere empleo, sí, pero sin destruir lo que nos hace únicos.

Seguiremos trabajando por una Antioquia que se cuida.

🗳️ Mira la cara de Galán y vota 111 por el Nuevo Liberalismo 💙

#TurismoResponsable #Camideambiente  #Antioquia #Medellín #NuevoLiberalismo","Camilo Quintero Giraldo","camideambiente","https://www.instagram.com/p/DU3k9y7ia_B/","18","@camideambiente cuando empiezas una lucha contro contaminaciones y emisiones de buses alli si te ganas respeto...hasta a quel momento....tus ""batallas faciles"" no nos sirven....","180","2026-02-17T18:06:41.000Z",
"https://scontent-phx1-1.cdninstagram.com/v/t51.2885-15/632634720_18529862134070113_8344115948253606441_n.jpg?stp=dst-jpg_e35_p1080x1080_sh0.08_tt6&_nc_ht=scontent-phx1-1.cdninstagram.com&_nc_cat=101&_nc_oc=Q6cZ2QH03ck4tLS3tNZjvbKUj3e6flJMQrJPbF9iymYT89J458ZWYHg6Af6JrG2j3ZTuTPU&_nc_ohc=QhfpW5T_ay8Q7kNvwGnGzag&_nc_gid=zK0qjxeMgK_Up4x2VBnAaw&edm=APs17CUBAAAA&ccb=7-5&oh=00_AfuNj5ET1bKPGL2-jCaJZpNtDLlekplmNfuJpUMkEuqVTA&oe=699E8E23&_nc_sid=10d13b","Hay un enemigo invisible que nos invade todos los días: el ruido.

Cansa, enferma, desvela y afecta la tranquilidad de muchas personas.

Ya dimos la pelea con la Ley contra el Ruido. Ahora vamos a defenderla en el Congreso.

🗳️ Mira la cara de Galán y vota 111 por el Nuevo Liberalismo 💙

#LeyContraElRuido #Camideambiente  #Medellín #Antioquia NuevoLiberalismo","Camilo Quintero Giraldo","camideambiente","https://www.instagram.com/p/DUtzt0-DHCE/","6","❤️ la necesitamos","146","2026-02-13T23:00:52.000Z",
"https://scontent-ord5-3.cdninstagram.com/v/t51.2885-15/631349967_1930208201203018_1860398237250419014_n.jpg?stp=dst-jpg_e15_tt6&_nc_ht=scontent-ord5-3.cdninstagram.com&_nc_cat=110&_nc_oc=Q6cZ2QEOCtzSHDzBTkJDj2Fh4hij33VHcbkqoBCQcBHGOCeOEr1LDz_V0q2NW2T9Zw_FGDQ&_nc_ohc=khHA3vV6fAUQ7kNvwF3Q1tf&_nc_gid=dX4xzsAtX1qfF3_Nlko83w&edm=APs17CUBAAAA&ccb=7-5&oh=00_AfuSWl2LJO-uOGSpCICV5__KHJ11WRzf16CDEZ5HZORdKg&oe=699E7B26&_nc_sid=10d13b","#DeLocalXColombia | en medio de esta maratónica gira también tenemos la posibilidad de volver a los lugares que tanto disfrutamos, esta vez con  @camideambiente. 👏🏻

Vota 👉🏻JuanSenador en toda 🇨🇴 Mira y marca la cara de Galán Nuevo Liberalismo #1","Juan Sebastián Gómez Gonzales","jua11se","https://www.instagram.com/p/DUtKF5PkWCR/","3","👏👏👏👏","161","2026-02-13T17:03:32.000Z",
"https://scontent-lga3-2.cdninstagram.com/v/t51.2885-15/629700588_18529368289070113_2201423760598072905_n.jpg?stp=dst-jpg_e15_tt6&_nc_ht=scontent-lga3-2.cdninstagram.com&_nc_cat=101&_nc_oc=Q6cZ2QFibOWW82ua9gEx_3h9kG88GZzHG6tU8tpDl4NyezcGhvyypsNC2Z6CwbLr4CTTKHg&_nc_ohc=3xLQGYETeFUQ7kNvwGQLKp4&_nc_gid=ybvPli6DRK9WG0oe-Zuccw&edm=APs17CUBAAAA&ccb=7-5&oh=00_Aft4_u0g0EWgriv3txPFNe2Z_U_D1iZ96Bo4ZniZSJ2D4A&oe=699E6693&_nc_sid=10d13b","Salvar árboles sí es posible cuando la ciudadanía insiste y las instituciones escuchan.
Ya dimos pasos importantes en la 80, pero todavía queda camino por recorrer.

Defender el transporte público también es proteger nuestros árboles, porque es posible integrar la naturaleza en nuestras decisiones.

🗳️ Mira la cara de Galán y vota 111 a la Cámara por el Nuevo Liberalismo.

#SalvemosLosÁrboles #Metrodela80 #DefensaAmbiental  #Antioquia #Medellín ValleDeAburrá","Camilo Quintero Giraldo","camideambiente","https://www.instagram.com/p/DUmMLpuiZDx/","11","Más de la mitad de los árboles,  tienen ese liquen  que seca los arboles y no se los quitan","346","2026-02-11T00:00:00.000Z",
"https://scontent-lax3-2.cdninstagram.com/v/t51.2885-15/632616155_2179833335879850_3444426918644958405_n.jpg?stp=dst-jpg_e15_tt6&_nc_ht=scontent-lax3-2.cdninstagram.com&_nc_cat=106&_nc_oc=Q6cZ2QFLaQYonKu8PV7sBEtMlcDRapguc2kRrWzx96F4oJiHOQFTtVqjyRNY57YfhAlyjZk&_nc_ohc=5gCsNZT5vqwQ7kNvwFCb-19&_nc_gid=NZ9GOpxmfkIhQUS4bH5x-w&edm=APs17CUBAAAA&ccb=7-5&oh=00_AfsX1MOysodTKrjG6CBJUoFyMJYZmB1uoXNkyxqSfLpZGQ&oe=699E6EE0&_nc_sid=10d13b","No soy Aragorn ni rey de Gondor.
Soy un man de Granada, que lleva años defendiendo Medellín y Antioquia con perrenque.

Continuaré mi trabajo por la tranquilidad, el ambiente, la cultura y los animales. 

🗳️ Mira la cara de Galán y marcá 111 💙

#Camideambiente #Medellín #Antioquia#NuevoLiberalismo","Camilo Quintero Giraldo","camideambiente","https://www.instagram.com/p/DUrc00VCZIc/","12","Jajajajajajajajajajajajaja. Trateme serio.","163","2026-02-13T01:02:15.000Z",
"https://scontent-hou1-1.cdninstagram.com/v/t51.2885-15/627960242_18529222390070113_6147976640946009771_n.jpg?stp=dst-jpg_e15_tt6&_nc_ht=scontent-hou1-1.cdninstagram.com&_nc_cat=101&_nc_oc=Q6cZ2QH2gZTeukKlNgVVMbsPSaIZ_e-Iuc_1QHwXLBc2y61UfA43hV2QLxJ_m5UbuBf5BgQ&_nc_ohc=3kvACLtHdDQQ7kNvwG_ctru&_nc_gid=uc9bOn6Cgc3qbRZIXkDc6w&edm=APs17CUBAAAA&ccb=7-5&oh=00_AfuWtfmEZl85U3DNMSRwqtg3hf2jZb1dQtrGBgAHAQfRUw&oe=699E6DC9&_nc_sid=10d13b","Nos reunimos con actores culturales de la ciudad para conversar sobre nuestra forma de hacer política: antes desde el Concejo de Medellín, hoy como Representantes y con la mirada puesta en lo que viene en el próximo Congreso.

Creemos en los sueños que se construyen colectivamente y en la defensa de los recursos públicos.

Mira la cara de Galán y vota 111 a la Cámara. 🗳️💜

#camideambiente #Vota111 #Antioquia","Camilo Quintero Giraldo","camideambiente","https://www.instagram.com/p/DUjrpFIiajR/","54","Ya cualquier marihuanero sin estudios cree que puede subirse al poder, de verdad?","1023","2026-02-10T00:38:48.000Z",
"https://scontent-iad3-1.cdninstagram.com/v/t51.2885-15/630121757_2304800409996271_1229592454988660096_n.jpg?stp=dst-jpg_e15_tt6&_nc_ht=scontent-iad3-1.cdninstagram.com&_nc_cat=107&_nc_oc=Q6cZ2QGybE4L3Cz94yiZCksygDScdeYnm3VbR_KPHi8DNJGzdAUxyAfp-pISsi90W0EGtQs&_nc_ohc=0hwaLg41MFkQ7kNvwF1LPj_&_nc_gid=fmX_nSXQun1mVkk0VpybiQ&edm=APs17CUBAAAA&ccb=7-5&oh=00_Afu_ds7pNHAXwiICiIr_SRkwZxVZeDVNwcROKnQgVTCdqg&oe=699E64CA&_nc_sid=10d13b","Las leyes no se cumplen solas.
Se escriben, se concertan, se aprueban… y después se defienden.

Eso ya lo hicimos.
Ahora vamos a continuar con su defensa en el Congreso.

💙 Mira la cara de Galán
🗳️ Vota 111 por el Nuevo Liberalismo a la Cámara por Antioquia.

#camideambiente #vota111 #antioquia #medellin","Camilo Quintero Giraldo","camideambiente","https://www.instagram.com/p/DUqRk6cjkdU/","4","Muchas leyes y no se cumplen . La lay del ruido quien hace que se cumpla ?????","216","2026-02-12T14:05:05.000Z",
"https://scontent-atl3-2.cdninstagram.com/v/t51.2885-15/631477355_18529312117070113_7339632465434253760_n.jpg?stp=dst-jpg_e15_tt6&_nc_ht=scontent-atl3-2.cdninstagram.com&_nc_cat=101&_nc_oc=Q6cZ2QEgb6vv-NE4b-kincfZoKkgnUZQIQKb6ZasgljSggwnEtyBIuB4A9StRPmj_JnEcks&_nc_ohc=wMwBwAm-JL8Q7kNvwGzzPcK&_nc_gid=OOmcw540ecjYag2mYPl2pA&edm=APs17CUBAAAA&ccb=7-5&oh=00_AfuiUTa_wd68rjrj4eix75WduqxdSjkGSY19Q1JwxHTAgA&oe=699E8C2A&_nc_sid=10d13b","Gracias, @anacrisrestrepo, por tus palabras sobre el trabajo que hemos realizado con la Ley contra el Ruido y la protección de la naturaleza.♥️🙌🏻

No es un asunto de campaña. Son causas en las que creo y que he defendido durante años, desde cada espacio en el que he estado.

Ahora seguiré esta defensa desde el Congreso de la República. 🤝

#camideambiente #antioquia #LeyContraElRuido #ambiente #animales","Camilo Quintero Giraldo","camideambiente","https://www.instagram.com/p/DUlB8vijo6E/","8","Camilo Anti ruido vamos que si se puede 🔥🙌","188","2026-02-10T13:13:16.000Z",
"https://scontent-iad3-1.cdninstagram.com/v/t51.2885-15/629622426_18529208992070113_8220235463642483626_n.jpg?stp=dst-jpg_e15_tt6&_nc_ht=scontent-iad3-1.cdninstagram.com&_nc_cat=101&_nc_oc=Q6cZ2QH5Oz1e44JcKpZQtUVvDhslmcbVI-paKcW2wfNC9gvjhKJf4Co5LZvA5WhbF4GvJg0&_nc_ohc=yTbvtUJQvzUQ7kNvwEwX41W&_nc_gid=aF0yhVCCvmGRyDAvJvNi2w&edm=APs17CUBAAAA&ccb=7-5&oh=00_AfuPweNjQhLDnm1yta_Dgqzd7jNcnQ2b7zwq6-U7iYf8RA&oe=699E63DF&_nc_sid=10d13b","Así se siente trabajar juntos contra el ruido, por los animales, el ambiente y la cultura.❤️ 

Mira la cara de Galán y vota 111 a la Cámara, por el nuevo Liberalismo. 🗳️

#LeyContraElRuido #Camideambiente #Antioquia","Camilo Quintero Giraldo","camideambiente","https://www.instagram.com/p/DUjMxzKEnDc/","8","❤️❤️❤️","184","2026-02-09T20:09:39.000Z",
"https://scontent-lax3-2.cdninstagram.com/v/t51.2885-15/628029670_2158115685006799_5057625543850301409_n.jpg?stp=dst-jpg_e15_tt6&_nc_ht=scontent-lax3-2.cdninstagram.com&_nc_cat=107&_nc_oc=Q6cZ2QGBx2QANbsCneQGHGraG9MSr-exBeDYjS660GQ7xhsaZDy2h_pUkKg8-oxZG4f7PmVSWXXiNCqnrJzBiJrVsmvY&_nc_ohc=U2BGHBTZqfYQ7kNvwH-pYJE&_nc_gid=OVtZJryGqfB4Pe0aI9fhtg&edm=APs17CUBAAAA&ccb=7-5&oh=00_AfsK6wfo05JRTYBipTRsa3liZ2XHweaXnhuHiOlsXXgSYw&oe=699E7E3F&_nc_sid=10d13b","Ya no hay excusas.
La Ley contra el Ruido existe y da las herramientas para actuar.

La tranquilidad no es un favor, es un derecho
y hay que hacerlo cumplir en la calle y con la gente.

🗳️ Vota el 111 por el Nuevo Liberalismo  para continuar con el control político a la policía para que actúe frente a las quejas por ruido en Antioquia.

#LeyContraElRuido #Tranquilidad #Antioquia #Medellín","Camilo Quintero Giraldo","camideambiente","https://www.instagram.com/p/DUnj2qRjloA/","71","Uuuuiiiiiii siiii por favor 🙏 🙏 🙏 🙏","379","2026-02-11T12:47:47.000Z",
"https://scontent-iad3-1.cdninstagram.com/v/t51.2885-15/632839966_2732948317059427_1876918488616710378_n.jpg?stp=dst-jpg_e15_tt6&_nc_ht=scontent-iad3-1.cdninstagram.com&_nc_cat=107&_nc_oc=Q6cZ2QHRPKSrVHunaQwdoKCy9E9OzgaYbZMvjR4vCEWHdBMGQyu2GiaJvYYxpkrUxIpGoyE&_nc_ohc=JYwfOdMXMJgQ7kNvwGwr0nw&_nc_gid=NwrhYhiL0V4vMzLZjWjraQ&edm=APs17CUBAAAA&ccb=7-5&oh=00_AfvWwxZEKaP0smvMl0OMsjwU-GmZPJFk1dIZBZOWGMbvmw&oe=699E8494&_nc_sid=10d13b","Prometen todo. Ejecutan poco.
Y a Antioquia le salen debiendo.

El Toyo, el Metro de la 80, el aeropuerto… esto no es un favor, es compromiso.

A Antioquia no se le dice “después vemos”. Se le cumple.

🗳️ Mira la cara de Galán y vota 111 por el Nuevo Liberalismo 💙

#Antioquia #111ALaCámara #Infraestructura #Medellín #NuevoLiberalismo","Daniel Carvalho","davalho","https://www.instagram.com/p/DU1nbcuj8Vh/","100","Cómplice payaso 🤡","985","2026-02-16T23:52:13.000Z",
"https://scontent-lga3-2.cdninstagram.com/v/t51.2885-15/628041327_18527673256070113_7851217890168085585_n.jpg?stp=dst-jpg_e15_tt6&_nc_ht=scontent-lga3-2.cdninstagram.com&_nc_cat=101&_nc_oc=Q6cZ2QEUjp_D7PdFzkyusAN-sy_10jyS9p00SLU8klZJCnWkBY2NxSZn-wz9FXuOC-omhmU&_nc_ohc=NkIWsCO4VtYQ7kNvwGuGD4S&_nc_gid=p1oQ49_zglilFapi_ntJiA&edm=APs17CUBAAAA&ccb=7-5&oh=00_AftQa0EgfqDN2bRoqJGW9xUgMj1ohW-d3LGo8LiETuSeaw&oe=699E8B3C&_nc_sid=10d13b","El ruido sí importa: afecta la salud, el descanso y la vida en comunidad. 

He estado con quienes lo viven. La ley ya existe y la propuesta también; ahora falta hacerla cumplir y acompañar su seguimiento. Quiero estar ahí para hacerlo contigo.🫂🤝🏻

Mira la cara de Galán y marca 111 a la Cámara por el Nuevo Liberalismo. ❤️

#Camideambiente #LeyContraelRuido","Camilo Quintero Giraldo","camideambiente","https://www.instagram.com/p/DUZYpkfiaSs/","19","Quien controla a los vendedores ambulantes con sus parlantes a todo volumen a toda hora por tod medellín","168","2026-02-06T00:39:56.000Z",
"https://instagram.fcps3-1.fna.fbcdn.net/v/t51.2885-15/629539800_1094684972835021_6382558835024925289_n.jpg?stp=dst-jpg_e15_tt6&_nc_ht=instagram.fcps3-1.fna.fbcdn.net&_nc_cat=109&_nc_oc=Q6cZ2QEKop2RdJCFoAAhtuCwPUn8VLG3198ZkajyHlag7Ew-xTnXKmjGm2nlGkOviI6-uTndm9lBn7OLw-QjbmBOqJ0E&_nc_ohc=_ZU4QTVqmMkQ7kNvwERt_yU&_nc_gid=yrybQMtUJxt6rCDElVuFlw&edm=APs17CUBAAAA&ccb=7-5&oh=00_AfsM4-V7CGGfr2b3j-xfQ0WJ9aSxLn--0_MAxzGL4i-RiQ&oe=699E776B&_nc_sid=10d13b","Yo no pedí ser el galán de la Ley Contra el Ruido…
pero alguien tenía que serlo. 😌🔇

Si el ruido también te tiene cansado,
vota 111 y hagámosla cumplir. ✋🗳️

#LeyContraElRuido #Camideambiente #Convivencia #Antioquia","Camilo Quintero Giraldo","camideambiente","https://www.instagram.com/p/DUdm-g5jgbd/","5","La ley contra el ruido es pertinente y está perfecta, pero no la aplican en muchas partes. Las denuncias son ignoradas por la policía o las personas ignoran a la policía. Pueden hacer el intento en partes distintas y medir su impacto","161","2026-02-07T16:01:46.000Z",
"https://scontent-sea1-1.cdninstagram.com/v/t51.2885-15/629208084_18529008253070113_8588451112281705834_n.jpg?stp=dst-jpg_e15_fr_p1080x1080_tt6&_nc_ht=scontent-sea1-1.cdninstagram.com&_nc_cat=101&_nc_oc=Q6cZ2QHVqcdyQmE5jKAYfQ4Cv5dF5bIJwKXgglvEXICrKVJbBHKAq9t29GaAUSgbr3-w0sI&_nc_ohc=CY00FyNRAucQ7kNvwF6Mf9O&_nc_gid=tnvLF-BAYpz1WeRxprCBhw&edm=APs17CUBAAAA&ccb=7-5&oh=00_Afu8DMiV2vTCqEaLi6qGWedm2tOyhfIeoDSzcq0mG6A1TQ&oe=699E7938&_nc_sid=10d13b","Nada de esto es discurso. Son años denunciando corrupción, cuidando a Medellín y defendiendo los recursos públicos.

Por eso seguiremos la defensa de Antioquia en el Congreso de la República.

Para señalar a los corruptos, proponer soluciones y hacer leyes útiles.

💙 Vota 111 a la Cámara por el Nuevo Liberalismo.","Camilo Quintero Giraldo","camideambiente","https://www.instagram.com/p/DUgQ5yjjq6K/","11","Perdón, Camilo quintero no trabajo con Daniel quintero?","224","2026-02-08T16:48:20.000Z",
"https://scontent-det1-1.cdninstagram.com/v/t51.2885-15/627241929_18527002249070113_4044620881584710324_n.jpg?stp=dst-jpg_e15_tt6&_nc_ht=scontent-det1-1.cdninstagram.com&_nc_cat=101&_nc_oc=Q6cZ2QFjXAbzzNxW073dfwPWT5v_ojdb8oI-n5rfm65Nnl8Bvh_Ie51wCeVv0igAf6p2sMs&_nc_ohc=QEC58ezZMmgQ7kNvwHuc3yf&_nc_gid=zZmtiJnAo9scWDafdGW3oQ&edm=APs17CUBAAAA&ccb=7-5&oh=00_AfvhzGWE7GfhF8xu88sZ_epdXK24nygWsZt8O32qOkUFkg&oe=699E6712&_nc_sid=10d13b","Roberto es otro de los muchos ciudadanos afectados por el ruido que generan algunos vecinos. Con la Ley contra el Ruido que lideramos no buscamos imponer silencios absolutos, sino promover acuerdos que mejoren la convivencia y hagan de los espacios residenciales lugares más tranquilos y habitables.

Desde el Congreso seguiré defendiendo su implementación, haciendo control a las autoridades y a la Policía; posibilitando la corresponsabilidad entre vecinos.
#camideambiente","Camilo Quintero Giraldo","camideambiente","https://www.instagram.com/p/DUVoL66Cflw/","38","Visítanos, unidad camino del parque. Horrible la bulla de los miradores y el barrio al frente","181","2026-02-04T13:38:22.000Z",
"https://scontent-lga3-2.cdninstagram.com/v/t51.2885-15/626294920_18527163964070113_6178635066126646136_n.jpg?stp=dst-jpg_e15_tt6&_nc_ht=scontent-lga3-2.cdninstagram.com&_nc_cat=101&_nc_oc=Q6cZ2QFLAY4gstnbANZ6ZMlpomZOYNOHnx8RvfDWhe_hV0N87pL5v3C2FG0mzR5WnOHvLEA&_nc_ohc=lLkU19mi_64Q7kNvwE-mWbQ&_nc_gid=eP-OiBXFC0NS3qBf3XkOOg&edm=APs17CUBAAAA&ccb=7-5&oh=00_AfvoQgKNtJ1oklijlDmiTTxtMjZndFmnWexGLITKCLF45w&oe=699E821B&_nc_sid=10d13b","En Envigado, el ruido sí importa.
La ley existe y hay que hacerla cumplir.

Por eso estamos en la calle y por eso quiero llegar al Congreso.
Mira la cara de galán y vota 111 a la Cámara por el Nuevo Liberalismo 💚

#camideambiente #leycontraelruido","Camilo Quintero Giraldo","camideambiente","https://www.instagram.com/p/DUWuOz3icyZ/","0","","-1","2026-02-04T23:51:51.000Z",
"https://scontent-iad3-1.cdninstagram.com/v/t51.2885-15/627636634_18528068641070113_999707945185177522_n.jpg?stp=dst-jpg_e15_fr_p1080x1080_tt6&_nc_ht=scontent-iad3-1.cdninstagram.com&_nc_cat=101&_nc_oc=Q6cZ2QEWPLIWTgmsCRh8Yx3h49GK6tBLQOdjybBY0tlu_qyzDR86teOD4YJIaTQBNC9hg-k&_nc_ohc=isrW1_SFX30Q7kNvwGvjowa&_nc_gid=YJR3cQD4G0xfyCCkvHqtIw&edm=APs17CUBAAAA&ccb=7-5&oh=00_Aft-DeSygm7ylPEFcFy9lLds4i8Cvr2dWq3aAiNTzuCuEg&oe=699E86B4&_nc_sid=10d13b","🌧️ Las lluvias nos están recordando algo: no todo se resuelve después. Pensar bien cómo crecemos, cómo construimos e integrar la naturaleza en nuestras decisiones también es una forma responsable de cuidar a la gente. Hacerlo mejor no es frenar el desarrollo, es evitar que los problemas se repitan y que la gente termine pagando las consecuencias.

Yo quiero llevar esa forma de pensar al Congreso.
Si a ti también te importa cómo hacemos las cosas en Antioquia,
mira la cara de Galán y vota 111 a la Cámara. 🗳️❤️

#camideambiente #medioambiente #lluvias #Antioquia #urabaantioqueño","Camilo Quintero Giraldo","camideambiente","https://www.instagram.com/p/DUbpm_XkkGo/","0","","-1","2026-02-06T21:45:54.000Z",
"https://scontent-ams2-1.cdninstagram.com/v/t51.2885-15/627729575_18529188508070113_3804011566594411145_n.jpg?stp=dst-jpg_e15_tt6&_nc_ht=scontent-ams2-1.cdninstagram.com&_nc_cat=101&_nc_oc=Q6cZ2QGI4L9KEjLUS3785eJcQgipRQN9pJDp8dycEo0LV1j1FLjCx1OW-J7RoLPafFETM3Y&_nc_ohc=GNf3Zer7XZsQ7kNvwE6DJFo&_nc_gid=g_cmdikMbyd-cG42rAvHWQ&edm=APs17CUBAAAA&ccb=7-5&oh=00_AfuLLd8CwF7WxExxjx4Kd4ogNlXTW_E2bNKe01DoU-LGtw&oe=699E657B&_nc_sid=10d13b","Esto no era solo ruido. Era abuso, corrupción y una comunidad pagando las consecuencias.

Cuando la ley se pone del lado de la gente, los negocios montados a las malas se caen. Y cuando la ciudadanía se organiza y no se queda callada, pasan estas cosas.

Así es como se defiende Antioquia: con ley, con comunidad y sin miedo a incomodar al poder. 🤝♥️

#camideambiente #leycontraelruido #antioquia #vota111","Camilo Quintero Giraldo","camideambiente","https://www.instagram.com/p/DUiqKMpDsJ8/","80","¿Pero esa ley si está aplicando? Porque en Medellín eso es fiesta a cualquier hora, especialmente en diciembre, las motos a mil en la madrugada, donde vivo hasta hacen piques y la policía nunca llega y así sucesivamente...","927","2026-02-09T15:07:55.000Z",
"https://scontent-atl3-2.cdninstagram.com/v/t51.2885-15/627242584_3961615044130921_4013008777449795460_n.jpg?stp=dst-jpg_e15_tt6&_nc_ht=scontent-atl3-2.cdninstagram.com&_nc_cat=101&_nc_oc=Q6cZ2QFvVT9guWU_9v_w-TL3vryKtyF_-WTa-u40Ia_OcsJcOSo7a_KWK0XpHFZ5tEcV4dU&_nc_ohc=Us__Z1zRFPYQ7kNvwFKXw7H&_nc_gid=zqmmcERgyYx_5G-nhOVj5A&edm=APs17CUBAAAA&ccb=7-5&oh=00_AfuflTLHzknD2ETyGGaczhyjROsIc7mnbJ5PnpEiiLzNhw&oe=699E74F0&_nc_sid=10d13b","Me confunden, pero no canto. 
Defiendo el agua, los animales y los árboles.

Creo en una política que cuide la vida, Antioquia y la forma en la que convivimos.
Soy Cami de Ambiente y quiero llevar estas causas al Congreso.

Vota 111 por el Nuevo Liberalismo. 💚🌱

#camideambiente #leycontraelruido #bienestaranimal #medioambiente #turismo","Camilo Quintero Giraldo","camideambiente","https://www.instagram.com/p/DUYZb3-Dvi1/","7","Jajajajaa guapote","109","2026-02-05T15:29:15.000Z",
"https://scontent-dfw6-1.cdninstagram.com/v/t51.2885-15/624237475_18525302758070113_2108155783703251603_n.jpg?stp=dst-jpg_e15_tt6&_nc_ht=scontent-dfw6-1.cdninstagram.com&_nc_cat=101&_nc_oc=Q6cZ2QHX_Ir9lPIeSCr63q4F-Cj0JwV0n1O5JQk5RUSG4lH3lxLVs7PtPhVwqM_HMgsh69M&_nc_ohc=BOSrZHuJgKkQ7kNvwF0DNij&_nc_gid=80EEIH3EXuW8uLPRn74yYg&edm=APs17CUBAAAA&ccb=7-5&oh=00_AfteJmE04xSzKTpoYMvcLjlZ6ZJ_tK0Dtcy7H2DVYRyeew&oe=699E6E9C&_nc_sid=10d13b","Una inundación más en Medellín que deja daños materiales y afectaciones graves en la movilidad.

En Medellín necesitamos tomar decisiones entendiendo nuestra realidad climática, no más improvisaciones. 

No necesitamos mar, necesitamos cumplir las leyes que nos ayuden a planear nuestro futuro como la Ley de Ciudades Verdes que @davalho y yo sacamos adelante en el Congreso. 

#camideambiente #Medellín #aguacero","Camilo Quintero Giraldo","camideambiente","https://www.instagram.com/p/DUFF2pQlPHg/","32","Mucho concreto y después el alcalde sale a distorsionar los desastres, Cambiaron la filtración de los arboles y las zonas verdes por la canalización de el concreto y asfalto y no lo proyectaron. LAS CONSTRUCTORAS SE CAGARON EN MEDELLIN.","322","2026-01-29T03:30:24.000Z",
"https://scontent-ord5-1.cdninstagram.com/v/t51.2885-15/625051718_18526806169070113_2978087731950115223_n.jpg?stp=dst-jpg_e15_fr_p1080x1080_tt6&_nc_ht=scontent-ord5-1.cdninstagram.com&_nc_cat=101&_nc_oc=Q6cZ2QFQuRg6VvhrvMSlpbvB48EOGu-rhG1AaBkXij3Cq_ILUV-b-x7Gog7il9MJTQEMElI&_nc_ohc=ED_QbbbHEcMQ7kNvwEUVsgQ&_nc_gid=UnUqh04ynjcOZqvLbfFKwg&edm=APs17CUBAAAA&ccb=7-5&oh=00_AftXJJCjWR7G91_O2740H8XOyuwJXz3STY4F_Qrw21QKdA&oe=699E5D15&_nc_sid=10d13b","Estoy volanteando todos los días contándole a los vecinos sobre nuestra lucha contra el ruido. 
Recuerda que tenemos derecho a vivir tranquilos y a descansar en nuestra ciudad. 

Ya lideré la Ley Contra el Ruido, Ahora voy por la curul para hacerlas cumplir. 

Mira la cara de Galán y vota 111 por el Nuevo Liberalismo ❤️ 
#camideambiente","Camilo Quintero Giraldo","camideambiente","https://www.instagram.com/p/DUUSX6QiFze/","4","Estuviera en granada Antioquia estaba al lado suyo en esta gestión de verdad que si 🙌","130","2026-02-04T01:08:32.000Z",
"https://scontent-lga3-2.cdninstagram.com/v/t51.2885-15/623683941_18525397207070113_6698183793276814835_n.jpg?stp=dst-jpg_e15_fr_p1080x1080_tt6&_nc_ht=scontent-lga3-2.cdninstagram.com&_nc_cat=101&_nc_oc=Q6cZ2QFrU-ELHWcNvEo8TRw7bNEe5tuCFIZcC6AGtBgm9QvoPD96-SKzBmLUJbxksOr5odQ&_nc_ohc=Tjmst13ww2MQ7kNvwHACfp9&_nc_gid=PodZ3tPluvJObTddAxg33A&edm=APs17CUBAAAA&ccb=7-5&oh=00_Afvas3WqlitieUtzmrVgO8neQhMhPlERQ64ROmybwhL1Dw&oe=699E5EF1&_nc_sid=10d13b","Conocimos la nueva aerolínea @tukairlines , una iniciativa de @mauriciofacio_ que le muestra a los turistas lo maravillosa que es Medellín a través de un vuelo de realidad aumentada sobre la ciudad.

Tuk Airlines apuesta por atraer mejores turistas: personas interesadas en conocer la Medellín real, no la versión que a veces se ve en Netflix.

Junto a @davalho , trabajé en el Congreso por la Ley de Turismo Responsable, una iniciativa que busca impulsar proyectos como este, para que el turismo crezca de manera ordenada, genere oportunidades y respete a nuestras comunidades locales.

Si quieres un turismo responsable mira la cara de Galán y vota 111 Nuevo Liberalismo ❤️","Camilo Quintero Giraldo","camideambiente","https://www.instagram.com/p/DUGN5sWjfAN/","99","👏yooooquiero esa experiencia 😮","2803","2026-01-29T14:00:08.000Z",
"https://scontent-iad3-1.cdninstagram.com/v/t51.2885-15/627917817_18526712503070113_1251621790504952202_n.jpg?stp=dst-jpg_e15_tt6&_nc_ht=scontent-iad3-1.cdninstagram.com&_nc_cat=101&_nc_oc=Q6cZ2QGMYMOoFViomh9nKmvdGVfkOVD31ghvFF9gxmFJq12h6Z6Zb6nDRXl7aLteyC8Pe8U&_nc_ohc=pVySQa7O85gQ7kNvwEWc-YM&_nc_gid=wl2lBFNoH8fU5hPIR3eFHg&edm=APs17CUBAAAA&ccb=7-5&oh=00_Afvt0E79drnJs_0KwaZa5Ro3Cyp1mBfWOubIycI0CAgs1A&oe=699E76DE&_nc_sid=10d13b","Como Alejandro, muchas personas sufren todos los días el ruido en sus propios hogares. Un ruido que arrebata la tranquilidad, afecta la salud y termina desplazando a quienes solo quieren vivir en paz.

Con la Ley contra el Ruido no buscamos silencios absolutos; buscamos acuerdos entre vecinos, mejorar la convivencia y construir ciudades más sanas y habitables.

✅ Seguiré defendiendo esta causa en el Congreso, con un compromiso firme con Antioquia y su gente.

#camideambiente #leycontraelruido #medellín  #MedellínColombia","Camilo Quintero Giraldo","camideambiente","https://www.instagram.com/p/DUTb8TjipmM/","44","Venga a barrancabermeja es un caos","267","2026-02-03T17:12:49.000Z",
"https://scontent-dfw5-1.cdninstagram.com/v/t51.2885-15/626405504_18550175551002283_7593683393868938799_n.jpg?stp=dst-jpg_e15_fr_p1080x1080_tt6&_nc_ht=scontent-dfw5-1.cdninstagram.com&_nc_cat=107&_nc_oc=Q6cZ2QGS2ukFog0q_0rg1lltPhWhC9nw9-0xrNASf59hfa0uR_wfEi22cL2AnMDBgSDX7GI&_nc_ohc=RbNTBVlbTj4Q7kNvwGRaLzk&_nc_gid=mgscUelJxtpX3MJsm_VkpQ&edm=APs17CUBAAAA&ccb=7-5&oh=00_AftXJowTSn2qtHXWEFs4ilye-7-dAAz38UKHWIFp3nVh8Q&oe=699E64FB&_nc_sid=10d13b","Creo en @camideambiente, en su compromiso y su capacidad para defender a Antioquia, la naturaleza y su gente. 

Hoy me sumo a esta ruta colectiva que lo llevará a la Cámara de Representantes, para cuidar lo que somos y lo que amamos como departamento.","Daniel Carvalho","davalho","https://www.instagram.com/p/DUTFDMCCjCB/","26","👏👏👏👏👏","320","2026-02-03T13:56:41.000Z",
"https://instagram.fagc1-1.fna.fbcdn.net/v/t51.2885-15/624847629_18525915784070113_63466957058714286_n.jpg?stp=dst-jpg_e15_fr_p1080x1080_tt6&_nc_ht=instagram.fagc1-1.fna.fbcdn.net&_nc_cat=101&_nc_oc=Q6cZ2QHMHd-6gw9tMrAUXIxypW7jLq5g0xHWzLbOOsjfdSyCZ1Y4kiVadrdajvJvWsURZRo&_nc_ohc=fENnojBS7csQ7kNvwG88BSw&_nc_gid=IMF4amSY_MUIV7c6AWxlZA&edm=APs17CUBAAAA&ccb=7-5&oh=00_Afsfoypqf7yGAlkxLn74l4JOEJwNFYjzF7MnceYUOWysGw&oe=699E7A15&_nc_sid=10d13b","El ruido no es un problema menor en nuestras ciudades. Genera conflictos, deteriora los barrios, afecta la salud y expulsa a las personas.

Seguiré defendiendo esta causa y exigiendo el cumplimiento de la #LeyContraElRuido, promoviendo acuerdos que nos permitan construir ciudades más habitables, con menos conflictos y mejor convivencia.

✨Mira la cara de Galán y marca el 111 por el Nuevo Liberalismo✨","Camilo Quintero Giraldo","camideambiente","https://www.instagram.com/p/DUMAc3wAsKX/","2","La venia bendita del poderoso divino jiji","-1","2026-01-31T19:57:51.000Z",
"https://scontent-phl2-1.cdninstagram.com/v/t51.2885-15/624641648_18525820717070113_7551365987443719797_n.jpg?stp=dst-jpg_e15_fr_p1080x1080_tt6&_nc_ht=scontent-phl2-1.cdninstagram.com&_nc_cat=101&_nc_oc=Q6cZ2QG_qhGumGxUsE8LolrrmFQIAjuoYSI8i1UjEW9hZaXbm42peLv3pvRYhjMX6GPnqZU&_nc_ohc=JtJKrEcERPsQ7kNvwEoAIuz&_nc_gid=n7iNHdnSNMPKSlTaayFtCw&edm=APs17CUBAAAA&ccb=7-5&oh=00_AfvPSnzeiYP2wuci8g_5li6Ipshxmx217XEHt7DogyREyg&oe=699E661F&_nc_sid=10d13b","La serenidad es una decisión política: nos permite convivir, disentir y construir desde la diferencia. Como líder de la Ley contra el Ruido, mi motivación con esta normativa ha sido aportarle a nuestro departamento más serenidad, facilitar acuerdos y reducir conflictos.

Esa es una causa que seguiré defendiendo en el Congreso de la República.

Mira la cara de Galán y marca el 111 por el Nuevo Liberalismo.

#Camideambiente #leycontraelruido","Camilo Quintero Giraldo","camideambiente","https://www.instagram.com/p/DUI73Zvjmov/","3","pensar Y sentir antes de responder ❤️","-1","2026-01-30T15:20:12.000Z",
"https://scontent-lga3-2.cdninstagram.com/v/t51.2885-15/624769623_18525114544070113_336324328428200961_n.jpg?stp=dst-jpg_e15_fr_p1080x1080_tt6&_nc_ht=scontent-lga3-2.cdninstagram.com&_nc_cat=101&_nc_oc=Q6cZ2QEr3t6Hv1yTHLP9APIyY-WQCR0uIwGi5odE5S4Zq1xtCc_LapOpSn3QHqUbK_hG6q8&_nc_ohc=NYs6QQMbaSgQ7kNvwHpZFUj&_nc_gid=aDrtrsCpopZaPtsmB8k7eg&edm=APs17CUBAAAA&ccb=7-5&oh=00_Afsri_LXkXD9kD7NIQvqhvflkY_iT4nNqKHC2fQcmAYgZA&oe=699E78B2&_nc_sid=10d13b","La Ley Contra el Ruido no busca imponer silencio absoluto, sino promover acuerdos entre vecinos, reducir conflictos y encontrar puntos de equilibrio que nos permitan vivir en armonía.

Desde el Congreso seguiré trabajando para que esta ley se implemente en Antioquia y para que nuestras ciudades sean más serenas y más habitables.

Mira la cara de Galán y marca 111 por el Nuevo Liberalismo❤️","Camilo Quintero Giraldo","camideambiente","https://www.instagram.com/p/DUDkABGFNIy/","8","Si vas a acabar con ese ruido te doy mi voto 10000 y colocare a mi familia y amigos a votar por ti tambien","151","2026-01-28T13:15:14.000Z",
"https://scontent-atl3-3.cdninstagram.com/v/t51.2885-15/626230605_2111589616275777_1591445290748994022_n.jpg?stp=dst-jpg_e15_tt6&_nc_ht=scontent-atl3-3.cdninstagram.com&_nc_cat=109&_nc_oc=Q6cZ2QGqcnm75Ro4RomMRLduO99jaM8L1gNA7fTtp4ntEy-sgr-VIdZJuX-jVrwVeCVnbVs&_nc_ohc=7Geuk9k2Po8Q7kNvwGi07p7&_nc_gid=5ZwATc-fUb50kcJbQ_8NeQ&edm=APs17CUBAAAA&ccb=7-5&oh=00_AfshkK2bOoqgzZFSXFry4Y5CnuY00v6vOFhoX3SWnn7duA&oe=699E8677&_nc_sid=10d13b","Las causas que defendemos no pueden quedarse solas.

Antioquia, su gente, su naturaleza y su cultura necesitan ser defendidas en el Congreso.

Cuando Antioquia llama, hay que responder: 1️⃣1️⃣1️⃣","Daniel Carvalho","davalho","https://www.instagram.com/p/DUQgY3uitmz/","20","Si no empiezan a obligar a la policía que deben hacer valer la ley y empezar a afectar el bolsillo de los que generan el ruido con las respectivas multas, la lise la seguirán pasando por la galleta","436","2026-02-02T13:59:49.000Z",
"https://scontent-lga3-2.cdninstagram.com/v/t51.2885-15/624724773_18532939369065821_2204140256121702012_n.jpg?stp=dst-jpg_e15_tt6&_nc_ht=scontent-lga3-2.cdninstagram.com&_nc_cat=105&_nc_oc=Q6cZ2QFnc5OE2PM81QpdXL89wXuwcnLX8vj_-XmRzSbhK1y_o29XHmsgr5zOMcjV-Xf8des&_nc_ohc=23Jz9FFjxgAQ7kNvwHygZg7&_nc_gid=fof-g_NKfJ2Dqx46K4AtAg&edm=APs17CUBAAAA&ccb=7-5&oh=00_AfvZcjb1BvyzzOTQPAANuknqP7wHphjRyM75fGscFi36TA&oe=699E8FE7&_nc_sid=10d13b","Conversaciones de ambiente con @camideambiente 🌳🍃","Fundación Atman Yoga","atmanyogacolombia","https://www.instagram.com/p/DUDj2LdDWg0/","0","","39","2026-01-28T13:14:01.000Z",
"https://scontent-lga3-2.cdninstagram.com/v/t51.2885-15/622025239_18524826103070113_7582569474014874003_n.jpg?stp=dst-jpg_e35_p1080x1080_sh0.08_tt6&_nc_ht=scontent-lga3-2.cdninstagram.com&_nc_cat=101&_nc_oc=Q6cZ2QGjnUVL9BA3VqyHnnvB7nKcpQJQ4d_rUDvjEysYHYqCoA6RgQkLgMFIq7B9xoON1SE&_nc_ohc=yWYovHTgi7IQ7kNvwEzGTuT&_nc_gid=JXB_12IGrct-2iH6epMhog&edm=APs17CUBAAAA&ccb=7-5&oh=00_AfvdiifyFxc7MWpSPjbnNspZeYI49xWNzMnRy3b_kYtfOA&oe=699E7CE0&_nc_sid=10d13b","Uno de los principales retos ambientales del Valle de Aburrá es el manejo de los residuos. Este es un tema que me preocupa y que lideraré desde el Congreso de la República para encontrar soluciones.

✅ ¿Qué alternativas tenemos? Mi querido amigo @mauriciofacio_ nos habla de las oportunidades ambientales y económicas que se dan al implementar un esquema que combine cultura ciudadana y aprovechamiento de residuos.

Vamos por una Medellín y una Antioquia más sostenibles. Por eso, mira la cara de Galán y marca 111 – Nuevo Liberalismo ❤️

#camideambiente","Camilo Quintero Giraldo","camideambiente","https://www.instagram.com/p/DUBBU-TCPAe/","12","Hay que hacer recolección selectiva, si en La Ceja o en Santo Domingo lo hacen no se puede quedar Medellín atrás. Promover el compostaje en los hogares/unidades residenciales hasta que se vuelva obligatorio y cambiar los incentivos para que @emvarias no haga más plata por tonelada dispuesta sino que sea por material reciclado que se incentive e involucrar a los reccuperadores en la economía formal, apoyar las cooperativas y asociaciones de recicladores para brindarles condiciones dignas","134","2026-01-27T13:34:06.000Z",
"https://instagram.fagc1-1.fna.fbcdn.net/v/t51.2885-15/624206138_1939812863614983_3474827272244797501_n.jpg?stp=dst-jpg_e15_tt6&_nc_ht=instagram.fagc1-1.fna.fbcdn.net&_nc_cat=103&_nc_oc=Q6cZ2QE3lxIJAtTYM7cGYyDaBLmaU8If8REzFqq1sLeP-bWZ_FZkdH4IGTbOKO5QuZTVbe0&_nc_ohc=t2DVPamzzMwQ7kNvwHbJHdC&_nc_gid=qY8imAPUjTEtXGfJ1zR4mA&edm=APs17CUBAAAA&ccb=7-5&oh=00_AfvweZ3COghP8Rn49ab8xO2jOEeASyKNTslU1BZrseqNzQ&oe=699E9000&_nc_sid=10d13b","🚨El río Medellín se desbordó mientras Fico habla de construir un mar.

Esto puso en riesgo la vida de miles de personas y colapsó la movilidad de la ciudad.

Medellín no necesita proyectos distractores. Necesita invertir en cuidar sus quebradas, su río y aplicar soluciones basadas en la naturaleza, fortaleciendo la infraestructura para que las inundaciones no se repitan con cada aguacero.

Eso fue lo que propusimos con la Ley de Ciudades Verdes, junto a @davalho.

Hoy Medellín no necesita un mar: necesita cumplir la Ley y proteger sus quebradas, su territorio y su gente.

#Camideambiente #aguacero #Medellín","Camilo Quintero Giraldo","camideambiente","https://www.instagram.com/p/DUEkrEBiWY4/","68","Usted lo que necesita es una clase de Hidrología","1318","2026-01-28T22:41:46.000Z",
"https://scontent-bos5-1.cdninstagram.com/v/t51.2885-15/628603684_1420890016436981_9029474013760975112_n.jpg?stp=dst-jpg_e15_tt6&_nc_ht=scontent-bos5-1.cdninstagram.com&_nc_cat=105&_nc_oc=Q6cZ2QH0pljdmgDDpS6o4wb3AH1EYS5_gbZ8ys3utyCcSjUZHA-dqkX_-BVte620W7WqBkU&_nc_ohc=o7FoXtpY0IsQ7kNvwFDcLvs&_nc_gid=zDrUwiKfLXGzDh0HHiDVWQ&edm=APs17CUBAAAA&ccb=7-5&oh=00_Afsg8HJYn6WRGBtNb_-eg88QczVNMTzA7aHMz0Sfwottlg&oe=699E66D6&_nc_sid=10d13b","Nos encanta encontrarnos con personas que vibran con esta idea.
Que entienden que la alegría también se baila sin incomodar al vecino, cerquita al corazón.💙 

Gracias por tus palabras, @lejortiz 🫰🏽✨

Porque pa’ bailar sabroso, no hay que ser ruidoso.

🗳️ Vota 111 a la Cámara por el Nuevo Liberalismo.

 #LeyContraElRuido #Cultura #Tranquilidad #BailarSinRuido #111ALaCámara NuevoLiberalismo Antioquia","Camilo Quintero Giraldo","camideambiente","https://www.instagram.com/p/DUoxCzjjsMz/","1","Hermoso mi @lejortiz 😍 así es con el 111 vamos firmessss!","-1","2026-02-11T23:16:23.000Z",
"https://scontent-hou1-1.cdninstagram.com/v/t51.2885-15/623612171_4331805100370803_4155036208554535581_n.jpg?stp=dst-jpg_e15_tt6&_nc_ht=scontent-hou1-1.cdninstagram.com&_nc_cat=107&_nc_oc=Q6cZ2QF5RqDnIrQF4lwrPBIv7sx9tSiwRvPCvdg8-y-fMYC5AkoGbohd--Gw6_vbY-PiXGs&_nc_ohc=hoincjXvHoQQ7kNvwE0OsGl&_nc_gid=KHt3o7jOMNHaswTIu6HsUw&edm=APs17CUBAAAA&ccb=7-5&oh=00_AfuDtVVQhNkG71CbkfZg8bEwiDsWsP8J02_isE_FB5dqFA&oe=699E7AA5&_nc_sid=10d13b","El ruido no es una molestia menor. Afecta la salud, expulsa a las personas de sus barrios, afecta el patrimonio y rompe la convivencia ciudadana.

En nuestras ciudades se registran más llamadas por ruido que por robos. De hecho, el 70 % de los reportes al 123 están relacionados con ruido y las riñas que este genera.

Soy el líder de la Ley contra el Ruido y la defenderé en el Congreso para garantizar su cumplimiento en Antioquia.
#camideambiente #medellín","Camilo Quintero Giraldo","camideambiente","https://www.instagram.com/p/DUHEzK6kogM/","7","Eduquen a las alcaldías y policías sobre la Ley 2450/25,es terrible como el ruido se va apoderando de una ciudad.Va a llegar un momento en que el silencio....que es el silencio?😮","-1","2026-01-29T21:59:22.000Z",
"https://scontent-hou1-1.cdninstagram.com/v/t51.2885-15/622407915_18524936437070113_7035930316337506300_n.jpg?stp=dst-jpg_e15_fr_p1080x1080_tt6&_nc_ht=scontent-hou1-1.cdninstagram.com&_nc_cat=101&_nc_oc=Q6cZ2QHpQV62QIohGNdV-8Z93yg6WWSAWHNZxGR9NwtVxR0x3i8eAj8U-rVuBrnCFbgaxA8&_nc_ohc=uTeXGwAOvDcQ7kNvwGEUAMP&_nc_gid=aQypWmgR6NOQF5FEq974aw&edm=APs17CUBAAAA&ccb=7-5&oh=00_AfvP8yNHgrfO12y1rTVajVXtcJuExB0KyBWpKhfuQVQBlQ&oe=699E6F01&_nc_sid=10d13b","Uno de los principales retos que tenemos como sociedad es la falta de espacio y tiempo para estar serenos y tranquilos. Por eso, una de mis banderas para llegar al Congreso es promover más estos espacios, en donde se respire la paz y la convivencia que tanto necesitamos en las ciudades. 

Estuve con mi adorada amiga y maestra Cristina de @atmanyogacolombia y compartimos un momento muy especial. ¡Muchas gracias! 💛

Vamos por una Medellín y una Antioquia pacífica, tranquila y serena a través del yoga y la meditación. Por eso, mira la cara de Galán y marca 111 – Nuevo Liberalismo ❤️","Camilo Quintero Giraldo","camideambiente","https://www.instagram.com/p/DUCL7BYiPZl/","6","Me encanta que con tanto esfuerzo en este momento ya se hayan dado a conocer tanto... Yo hace 5 años voy al jardín botánico a tomar las clases de los domingos y me acuerdo que no iba más de 20 personas y ahora creo que van más de 150 o 200 personas cada domingo  gracias atman yoga por todo lo que hacen por  nosotros👏🙏","-1","2026-01-28T00:25:47.000Z",
"https://scontent-atl3-1.cdninstagram.com/v/t51.2885-15/639728377_1244416641094980_2138990078203427745_n.jpg?stp=dst-jpg_e15_tt6&_nc_ht=scontent-atl3-1.cdninstagram.com&_nc_cat=100&_nc_oc=Q6cZ2QHBeFe7i7hycGlb_7UGqk7txqhwgagRHKsuHACwtH1s5itHQRnetqPX9VJDnHaOyWA&_nc_ohc=Ui7W79_cEvQQ7kNvwERvO0v&_nc_gid=jSZHG79hJJBANEXdReDMFQ&edm=APs17CUBAAAA&ccb=7-5&oh=00_AfstvG8SvcNB1WAEpXmp7Nh2VhNSW-e5WfWvGxt-coCiwA&oe=699E8B6D&_nc_sid=10d13b","Queremos mejores turistas para nuestro departamento. 

En Medellín y Antioquia necesitamos un turismo con reglas claras, que respete a la gente y a nuestra naturaleza. No uno que venga a hacer bulla o a aprovecharse de los más vulnerables.

Ya radicamos un proyecto para regular, no para prohibir. Para ordenar las plataformas, proteger a las comunidades y promover un turismo responsable y sostenible que genere oportunidades.

El trabajo ya empezó. Ahora necesitamos sacarlo adelante en el Congreso.

🗳️ Mira la cara de Galán y vota 111 por el Nuevo Liberalismo 💙♥️

#CamideAmbiente #TurismoResponsable #111ALaCámara #Medellín Antioquia NuevoLiberalismo","Camilo Quintero Giraldo","camideambiente","https://www.instagram.com/p/DU-tplODohw/","4","El problema no es usted sino los que lo respaldan","88","2026-02-20T12:34:44.000Z",
"https://scontent-atl3-3.cdninstagram.com/v/t51.2885-15/632524150_2158363454975649_1900748309237445738_n.jpg?stp=dst-jpg_e15_tt6&_nc_ht=scontent-atl3-3.cdninstagram.com&_nc_cat=109&_nc_oc=Q6cZ2QG6dpUlAUDp5MqRUHkHKiA3Db9Iad9Iq2hOlNISuk4xKhmhlM6bu_KMZ083gJNa2JM&_nc_ohc=uDbRs8QpSgQQ7kNvwE_jzg7&_nc_gid=SoAbOKHcgZBn2DDF4L3m-g&edm=APs17CUBAAAA&ccb=7-5&oh=00_AfviFfz-F31m91Z1vjSrRP-4zai4pW5DTtq_u_vlYjWbww&oe=699E7BA3&_nc_sid=10d13b","Junto a @camideambiente recorrimos el centro de Medellín, un lugar que guarda muchos de los grandes momentos de nuestras vidas y que hoy necesita más atención. 

Desde el Congreso trabajaremos por más seguridad, turismo responsable y una protección real del patrimonio, para que la gente pueda disfrutar el centro sin miedo y con más oferta cultural. 

Vota por el Nuevo Liberalismo - Coalición Ahora Colombia 

Mira la cara de Galán y marca: 
Senado #1
Cámara #111","Juan Sebastián Gómez Gonzales","jua11se","https://www.instagram.com/p/DU4JpwVEbQ8/","7","Mas aprovechao pa onde","386","2026-02-17T23:25:26.000Z",
"https://instagram.flas1-1.fna.fbcdn.net/v/t51.2885-15/626881261_1319047220275826_8293001247178122553_n.jpg?stp=dst-jpg_e15_tt6&_nc_ht=instagram.flas1-1.fna.fbcdn.net&_nc_cat=102&_nc_oc=Q6cZ2QGMh7InT2vi4pUY6OPq7FLHgYjrazjfyMJrZWP8ENHi7R3oW7zybR9Z3UeLy3qoK5w&_nc_ohc=YmC3ZsDLtmoQ7kNvwE0om3w&_nc_gid=R_Evh8M1vQ5cVK-joPlltg&edm=APs17CUBAAAA&ccb=7-5&oh=00_AftBseQqm2JKgytmPDcGNOIQAMm-doEQGhBTQy0bwZSZDA&oe=699E793C&_nc_sid=10d13b","Cuidar a la gente, los animales y nuestra naturaleza.
Tu voz merece llegar al Congreso.
Mira la cara de Galán y marca 111 a la Cámara
por el Nuevo Liberalismo. ❤️

#Camideambiente","Camilo Quintero Giraldo","camideambiente","https://www.instagram.com/p/DUY9G6vEmXD/","0","","98","2026-02-05T20:39:32.000Z",
