"caption","ownerFullName","ownerUsername","url","commentsCount","firstComment","likesCount","timestamp","queryTag","hashtags/0","hashtags/1","hashtags/2","hashtags/3","hashtags/4","hashtags/5","hashtags/6","hashtags/7","hashtags/8","hashtags/9","hashtags/10","hashtags/11","hashtags/12","hashtags/13","hashtags/14","hashtags/15","hashtags/16","hashtags/17","hashtags/18","hashtags/19","hashtags/20","hashtags/21","hashtags/22","hashtags/23","hashtags/24","hashtags/25","hashtags/26","hashtags/27","hashtags/28"
"Agradecemos el apoyo recibido para llevar a cabo la campaña Sin Ruido de Fondo el pasado 30 de abril. ¡Sin ustedes no hubiera sido posible! 👏🏻

@telemedellin 
@davalho 
@udemedellin 
@agrobusinessgroup 
@memoriascoffee 
@prssaudemcolombia 
@laromeracorporacion 
@cafeamantti 
@periodicoelparamo 

#SinRuidodeFondo #SaludAuditiva #SRDF2021 #ContaminacionSonora #MedellinSinRuido #ContaminacionAmbiental","Clínica Jurídica","clinicainteresp","https://www.instagram.com/p/COoCUNjBL2P/","1","","21","2021-05-08T20:34:51.000Z",,"SinRuidodeFondo","SaludAuditiva","SRDF2021","ContaminacionSonora","MedellinSinRuido","ContaminacionAmbiental",,,,,,,,,,,,,,,,,,,,,,,
"Falta tan solo 1 hora para la campaña Sin Ruido de Fondo, con la que te cuidas y cuidas a los demás. 🔇

¡Únete! 

@udemedellin 
@personeriamed 
@davalho 

#SinRuidodeFondo #SaludAuditiva #SRDF2021#ContaminacionSonora#MedellinSinRuido#ContaminacionAmbiental","Clínica Jurídica","clinicainteresp","https://www.instagram.com/p/COTtBLLMgXF/","0","","16","2021-04-30T23:03:56.000Z",,"SinRuidodeFondo","SaludAuditiva","SRDF2021","ContaminacionSonora","MedellinSinRuido","ContaminacionAmbiental",,,,,,,,,,,,,,,,,,,,,,,
"Tenemos una cita hoy a las 7:00 p.m. Dejaremos que suene el silencio durante 1 minuto. 🔇‼️

¡Acompáñanos!

@udemedellin 
@personeriamed 
@davalho 

#SinRuidodeFondo #SaludAuditiva #SRDF2021#ContaminacionSonora#MedellinSinRuido#ContaminacionAmbiental","Clínica Jurídica","clinicainteresp","https://www.instagram.com/p/COTDL-XMRU6/","0","","22","2021-04-30T16:58:24.000Z",,"SinRuidodeFondo","SaludAuditiva","SRDF2021","ContaminacionSonora","MedellinSinRuido","ContaminacionAmbiental",,,,,,,,,,,,,,,,,,,,,,,
"¡Juntos somos el cambio que necesitamos! 💪🏻🔇

@udemedellin 
@personeriamed 
@davalho 

#SinRuidodeFondo #SaludAuditiva #SRDF2021#ContaminacionSonora#MedellinSinRuido#ContaminacionAmbiental","Clínica Jurídica","clinicainteresp","https://www.instagram.com/p/CORa3tfMlfD/","0","","14","2021-04-30T01:46:52.000Z",,"SinRuidodeFondo","SaludAuditiva","SRDF2021","ContaminacionSonora","MedellinSinRuido","ContaminacionAmbiental",,,,,,,,,,,,,,,,,,,,,,,
"Súmate a la conmemoración internacional de la conciencia sobre el ruido. Intenta disminuir el ruido excesivo este 30 de abril. ¡Celebremos este día con paz y tranquilidad auditiva! ‼️🔇 

@personeriamed 
@davalho 
@udemedellin 

#SinRuidodeFondo #SaludAuditiva #SRDF2021#ContaminacionSonora#MedellinSinRuido#ContaminacionAmbiental","Clínica Jurídica","clinicainteresp","https://www.instagram.com/p/CORPla-slzC/","0","","12","2021-04-30T00:08:15.000Z",,"SinRuidodeFondo","SaludAuditiva","SRDF2021","ContaminacionSonora","MedellinSinRuido","ContaminacionAmbiental",,,,,,,,,,,,,,,,,,,,,,,
"Únete a la campaña Sin Ruido de Fondo, que se llevará a cabo mañana 30 de abril, a las 7pm. 🔇

¡Acompáñanos! 

@personeriamed 
@davalho 
@udemedellin 

#SinRuidodeFondo #SaludAuditiva #SRDF2021#ContaminacionSonora#MedellinSinRuido#ContaminacionAmbiental","Clínica Jurídica","clinicainteresp","https://www.instagram.com/p/COQ_W5aMeSh/","1","","14","2021-04-29T21:46:28.000Z",,"SinRuidodeFondo","SaludAuditiva","SRDF2021","ContaminacionSonora","MedellinSinRuido","ContaminacionAmbiental",,,,,,,,,,,,,,,,,,,,,,,
"La pérdida de audición ocurre cuando se reduce su capacidad de oír. Una pérdida de audición dificulta que escuche conversaciones y otros sonidos. Las causas más comunes de pérdida auditiva son el ruido y el envejecimiento. 🦻🔉👴

@personeriamed 
@davalho 
@udemedellin 

#SinRuidodeFondo #SaludAuditiva #SRDF2021#ContaminacionSonora#MedellinSinRuido#ContaminacionAmbiental","Clínica Jurídica","clinicainteresp","https://www.instagram.com/p/COQh5OoHwuW/","0","","19","2021-04-29T17:29:56.000Z",,"SinRuidodeFondo","SaludAuditiva","SRDF2021","ContaminacionSonora","MedellinSinRuido","ContaminacionAmbiental",,,,,,,,,,,,,,,,,,,,,,,
"y haz parte de a ella, este 30 de abril. 🔇👏🏻

#SinRuidodeFondo #SaludAuditiva #SRDF2021#ContaminacionSonora#MedellinSinRuido#ContaminacionAmbiental

@telemedellin 
@udemedellin 
@davalho
@personeriamed","Clínica Jurídica","clinicainteresp","https://www.instagram.com/p/COO2MBZniRZ/","0","","15","2021-04-29T01:49:35.000Z",,"SinRuidodeFondo","SaludAuditiva","SRDF2021","ContaminacionSonora","MedellinSinRuido","ContaminacionAmbiental",,,,,,,,,,,,,,,,,,,,,,,
"Son muchos los efectos negativos que deja en nuestra salud el exceso de ruido. Te invitamos a decirle NO al ruido este 30 de abril. 🔇🤫

¡Acompáñanos!

@personeriamed 
@davalho 
@udemedellin 

#SinRuidodeFondo #SaludAuditiva #SRDF2021 #ContaminacionSonora #MedellinSinRuido #ContaminacionAmbiental","Clínica Jurídica","clinicainteresp","https://www.instagram.com/p/COOivXIBVGY/","0","","11","2021-04-28T22:57:55.000Z",,"SinRuidodeFondo","SaludAuditiva","SRDF2021","ContaminacionSonora","MedellinSinRuido","ContaminacionAmbiental",,,,,,,,,,,,,,,,,,,,,,,
"El oído es uno de los órganos de los sentidos altamente conectados con la comunicación, es de vital importancia para las relaciones interpersonales y de aprendizaje. 👂🔉

@personeriamed 
@davalho 
@udemedellin 

#SinRuidodeFondo #SaludAuditiva #SRDF2021#ContaminacionSonora#MedellinSinRuido#ContaminacionAmbiental","Clínica Jurídica","clinicainteresp","https://www.instagram.com/p/CON1PDNsUfH/","0","","14","2021-04-28T16:20:17.000Z",,"SinRuidodeFondo","SaludAuditiva","SRDF2021","ContaminacionSonora","MedellinSinRuido","ContaminacionAmbiental",,,,,,,,,,,,,,,,,,,,,,,
"En ambientes industriales el ruido es producido por la maquinaria y generalmente aumenta con la potencia de las máquinas. Este ruido puede contener predominantemente bajas y altas frecuencias, componentes tonales, ser impulsivo o tener patrones temporales desagradables y disruptivos.‼️

@personeriamed 
@davalho 
@udemedellin 

#SinRuidodeFondo #SaludAuditiva #SRDF2021 #MedellinSinRuido","Clínica Jurídica","clinicainteresp","https://www.instagram.com/p/COMRIXphTgv/","0","","16","2021-04-28T01:45:53.000Z",,"SinRuidodeFondo","SaludAuditiva","SRDF2021","MedellinSinRuido",,,,,,,,,,,,,,,,,,,,,,,,,
"#SinRuidodeFondo #SaludAuditiva #SRDF2021 #MedellinSinRuido 

Son muchos los efectos negativos que deja en nuestra salud el exceso de ruido. 

Dígale NO al ruido, así:

- Controla tu tono de voz
- Usa un volumen moderado en los aparatos electrónicos
- No utilices el claxon del coche a excepción de una emergencia

La contaminación auditiva reduce nuestra calidad de vida. Por eso cuídate y cuida a los demás. 

¡Disminuye tu ruido!","Periódico El Páramo","periodicoelparamo","https://www.instagram.com/p/COMODMaAGdi/","0","","1","2021-04-28T01:18:39.000Z",,"SinRuidodeFondo","SaludAuditiva","SRDF2021","MedellinSinRuido",,,,,,,,,,,,,,,,,,,,,,,,,
"Cuídate y cuida a los demás. ¡Juntos podemos lograrlo!🤝

@personeriamed 
@davalho 
@udemedellin 

#SinRuidodeFondo #ContaminacionAmbiental #SaludAuditiva #ContaminacionSonora #MedellinSinRuido","Clínica Jurídica","clinicainteresp","https://www.instagram.com/p/COLvf0EMv7o/","0","","17","2021-04-27T20:51:40.000Z",,"SinRuidodeFondo","ContaminacionAmbiental","SaludAuditiva","ContaminacionSonora","MedellinSinRuido",,,,,,,,,,,,,,,,,,,,,,,,
"📢Esta semana la Clínica Jurídica de Interés Público, la Universidad de Medellín @UdeMedellin_ y la Mesa de Ruido, con apoyo de la Personería de Medellín @personeriamed y el concejal Daniel Carvalho @davalho promueven la campaña #SinRuidodeFondo ¡Acompáñanos! 

@personeriamed 
@davalho 
@udemedellin 

#SinRuidodeFondo #SaludAuditiva #SRDF2021 #MedellinSinRuido","Clínica Jurídica","clinicainteresp","https://www.instagram.com/p/COLQqHNnB7N/","0","","16","2021-04-27T16:23:57.000Z",,"SinRuidodeFondo","SaludAuditiva","SRDF2021","MedellinSinRuido",,,,,,,,,,,,,,,,,,,,,,,,,
"Con tu ayuda podemos mejorar la problemática del ruido en la cuidad de Medellín. Únete a la campaña #SinRuidodeFondo, nuestra ciudad necesita un ambiente de paz. 🔇🤫

¡Acompáñanos este próximo viernes!

@personeriamed 
@davalho 
@udemedellin 

#SinRuidodeFondo #ContaminacionAmbiental #SaludAuditiva #SRDF2021 #ContaminacionSonora #MedellinSinRuido","Clínica Jurídica","clinicainteresp","https://www.instagram.com/p/COIw_DCsDkR/","0","","20","2021-04-26T17:06:57.000Z",,"SinRuidodeFondo,","SinRuidodeFondo","ContaminacionAmbiental","SaludAuditiva","SRDF2021","ContaminacionSonora","MedellinSinRuido",,,,,,,,,,,,,,,,,,,,,,
"Si tu salud deseas cuidar, al sonido le debes bajar🔈🤫. Unidos podemos tener un ambiente sano y tranquilo💆🏻‍♀️

¡Acompáñanos este 30 de abril!

@personeriamed 
@davalho 
@udemedellin 

#SinRuidodeFondo #SaludAuditiva #SRDF2021 #MedellinSinRuido","Clínica Jurídica","clinicainteresp","https://www.instagram.com/p/COG8LamB1Ci/","0","","23","2021-04-26T00:06:17.000Z",,"SinRuidodeFondo","SaludAuditiva","SRDF2021","MedellinSinRuido",,,,,,,,,,,,,,,,,,,,,,,,,
"Súmate a la conmemoración internacional de la conciencia sobre el ruido📢. Intenta disminuir el ruido excesivo este 30 de abril ¡Celebremos este día con paz y tranquilidad auditiva!😌✅ 

@personeriamed 
@davalho 
@udemedellin 

#SinRuidodeFondo #SaludAuditiva #SRDF2021 #MedellinSinruido","Clínica Jurídica","clinicainteresp","https://www.instagram.com/p/COB1hruhtIU/","0","","20","2021-04-24T00:31:57.000Z",,"SinRuidodeFondo","SaludAuditiva","SRDF2021","MedellinSinruido",,,,,,,,,,,,,,,,,,,,,,,,,
"La contaminación auditiva reduce nuestra calidad de vida⬇️. Por eso cuídate y cuida a los demás. ¡Disminuye tu ruido!🤫👉🏻🔇

@personeriamed 
@davalho 
@udemedellin 

#SinRuidodeFondo #SaludAuditiva #SRDF2021 #MedellinSinruido","Clínica Jurídica","clinicainteresp","https://www.instagram.com/p/CN-dBbFBxZm/","0","","18","2021-04-22T17:00:06.000Z",,"SinRuidodeFondo","SaludAuditiva","SRDF2021","MedellinSinruido",,,,,,,,,,,,,,,,,,,,,,,,,
"La contaminación auditiva es el exceso de sonido producido por las distintas actividades que realizamos en la cotidianidad, causados comúnmente por el tráfico🚙, la música muy alta🎶, las aglomeraciones de personas👨‍👩‍👧‍👦, entre otros. Esta tiene efectos negativos en nuestra salud 
auditiva, física y mental.👂🏼🧠🧍🏻‍♂️

@personeriamed 
@davalho 
@udemedellin 

#SinRuidodeFondo #SaludAuditiva #SRDF2021 #MedellinSinruido","Clínica Jurídica","clinicainteresp","https://www.instagram.com/p/CN5wj_rBYO2/","0","","32","2021-04-20T21:14:39.000Z",,"SinRuidodeFondo","SaludAuditiva","SRDF2021","MedellinSinruido",,,,,,,,,,,,,,,,,,,,,,,,,
"Ahora que sabes esto, protégete y protege a los demás. Recuerda que el ruido también contamina, por eso bájale un poco🔊🔉🔈

@personeriamed 
@davalho 
@udemedellin 

#SinRuidodeFondo #SaludAuditiva #SRDF2021 #MedellinSinruido","Clínica Jurídica","clinicainteresp","https://www.instagram.com/p/CN5FD21Bov7/","0","","16","2021-04-20T14:54:31.000Z",,"SinRuidodeFondo","SaludAuditiva","SRDF2021","MedellinSinruido",,,,,,,,,,,,,,,,,,,,,,,,,
"¡Misión cumplida! 🌴en estos @carnavales2026,  No solo movilizamos personas, conectamos experiencias. Este Carnaval recibimos a más de 800 viajeros de diferentes agencias turística a nivel nacional, demostrando por qué somos la alianza 🤝 turística número uno de isla larga 🌊
​¿Nuestra clave? La precisión:
✅ Traslados marítimos 🚤 con máxima seguridad.
✅ Desayunos y almuerzos servidos con puntualidad exacta.
✅ Un equipo comprometido con el sentido de responsabilidad.
​Gracias a cada agencia aliada y a cada turista por confiar en nuestra logística. 

¡Seguimos demostrando que somos la mejor opción en alianzas turísticas! 🤝✨

Gracias por visitarnos @caramelotoursoficial

​#TurismoResponsable #LogisticaTuristica #Carnavales2026 #AlianzaTuristica","Islalarga_tour / operadores turísticos","islalarga_tour","https://www.instagram.com/p/DVHmEorDeQT/","1","","2","2026-02-23T23:21:20.000Z",,"TurismoResponsable","LogisticaTuristica","Carnavales2026","AlianzaTuristica",,,,,,,,,,,,,,,,,,,,,,,,,
"¡Misión cumplida! 🌴en estos @carnavales2026,  No solo movilizamos personas, conectamos experiencias. Este Carnaval recibimos a más de 800 viajeros de diferentes agencias turística a nivel nacional, demostrando por qué somos la alianza 🤝 turística número uno de isla larga 🌊
​¿Nuestra clave? La precisión:
✅ Traslados marítimos 🚤 con máxima seguridad.
✅ Desayunos y almuerzos servidos con puntualidad exacta.
✅ Un equipo comprometido con el sentido de responsabilidad.
​Gracias a cada agencia aliada y a cada turista por confiar en nuestra logística. 

¡Seguimos demostrando que somos la mejor opción en alianzas turísticas! 🤝✨

Gracias por visitarnos @viajaxvenezuela

​#TurismoResponsable #LogisticaTuristica #Carnavales2026 #AlianzaTuristica","Islalarga_tour / operadores turísticos","islalarga_tour","https://www.instagram.com/p/DVHllDKjZ0N/","0","","4","2026-02-23T23:17:01.000Z",,"TurismoResponsable","LogisticaTuristica","Carnavales2026","AlianzaTuristica",,,,,,,,,,,,,,,,,,,,,,,,,
"¡Misión cumplida! 🌴en estos @carnavales2026,  No solo movilizamos personas, conectamos experiencias. Este Carnaval recibimos a más de 800 viajeros de diferentes agencias turística a nivel nacional, demostrando por qué somos la alianza 🤝 turística número uno de isla larga 🌊
​¿Nuestra clave? La precisión:
✅ Traslados marítimos 🚤 con máxima seguridad.
✅ Desayunos y almuerzos servidos con puntualidad exacta.
✅ Un equipo comprometido con el sentido de responsabilidad.
​Gracias a cada agencia aliada y a cada turista por confiar en nuestra logística.

 ¡Seguimos demostrando que somos la mejor opción en alianzas turísticas! 🤝✨

Gracias por visitarnos @divinaspizzascoche

​#TurismoResponsable #LogisticaTuristica #Carnavales2026 #AlianzaTuristica #Divinas","Islalarga_tour / operadores turísticos","islalarga_tour","https://www.instagram.com/p/DVHlLBHDXsE/","0","","2","2026-02-23T23:13:28.000Z",,"TurismoResponsable","LogisticaTuristica","Carnavales2026","AlianzaTuristica","Divinas",,,,,,,,,,,,,,,,,,,,,,,,
"¡Misión cumplida! 🌴en estos @carnavales2026,  No solo movilizamos personas, conectamos experiencias. Este Carnaval recibimos a más de 800 viajeros de diferentes agencias turística a nivel nacional, demostrando por qué somos la alianza 🤝 turística número uno de isla larga 🌊
​¿Nuestra clave? La precisión:
✅ Traslados marítimos 🚤 con máxima seguridad.
✅ Desayunos y almuerzos servidos con puntualidad exacta.
✅ Un equipo comprometido con el sentido de responsabilidad.
​Gracias a cada agencia aliada y a cada turista por confiar en nuestra logística. 

¡Seguimos demostrando que somos la mejor opción en alianzas turísticas! 🤝✨

Gracias por visitarnos  @viajerosxvenezuela desde Acarigua Estado portuguesa.

​#TurismoResponsable #LogisticaTuristica #Carnavales2026 #AlianzaTuristica","Islalarga_tour / operadores turísticos","islalarga_tour","https://www.instagram.com/p/DVHkwocDZQM/","0","","3","2026-02-23T23:09:52.000Z",,"TurismoResponsable","LogisticaTuristica","Carnavales2026","AlianzaTuristica",,,,,,,,,,,,,,,,,,,,,,,,,
"NOS ENCONTRAMOS DE GIRA PROMOCIONANDO A CHIAPAS.
Más que un viaje, te ofrecemos la certeza de un acompañamiento profesional en cada paso. En la gira promocional, destacamos a Chiapas como un destino vibrante y seguro para el viajero. En Nucú Travel Adventure, diseñamos cada ruta bajo estrictos estándares de seguridad y acompañamiento constante. Sabemos que la confianza es la base de cada aventura; por eso, nos encargamos de que tu viaje sea tan seguro como inolvidable. ¡El paraíso te espera y nosotros te llevamos con total garantía!
#ChiapasSeguro #NucuTravelAdventure #TurismoResponsable #ViajaConConfianza #ExploraChiapas","Nucú Travel","nucutravel","https://www.instagram.com/p/DVHh8xzEytw/","0","","1","2026-02-23T22:45:19.000Z",,"ChiapasSeguro","NucuTravelAdventure","TurismoResponsable","ViajaConConfianza","ExploraChiapas",,,,,,,,,,,,,,,,,,,,,,,,
"Cinco cosas que aprendí sobre los elefantes 🐘 

1️⃣ Tienen una memoria increíble (no sólo para sobrevivir):

Pueden recordar rutas, fuentes de agua y rostros durante años. Pero lo más impresionante es que también recuerdan experiencias emocionales.

⚡️Ellos no olvidan, pero tampoco viven anclados al pasado. Siguen caminando en grupo.

2️⃣ Viven en comunidades lideradas por la experiencia: 

Las manadas están dirigidas por una hembra mayor, la matriarca. No lidera por fuerza, sino por sabiduría y memoria.

⚡️La sabiduría también es liderazgo.

3️⃣ Se cuidan y protegen entre ellos:

Cuando un elefante está herido o triste, los demás lo rodean, lo tocan con la trompa y permanecen cerca.

⚡️No lo “arreglan”, No lo acosan.
Simplemente están.

4️⃣ Se comunican en frecuencias que no siempre oímos:

Pueden comunicarse a kilómetros de distancia por sonidos de baja frecuencia que nosotros no percibimos.

⚡️No todo lo importante es visible ni perceptible. La intuición también es una forma de comunicación.

5️⃣ Su paso transforma el entorno:

Cuando caminan, abren senderos en la selva, dispersan semillas y crean espacios donde otras especies pueden crecer.

⚡️La verdadera fuerza no es dominar. Es cuidar. No es explotar. Es respetar.

* En los santuarios éticos los elefantes están en su hábitat natural, no son forzados. Están diseñados para su rescate y rehabilitación, priorizando su bienestar sobre el entretenimiento turístico.

#SantuarioÉtico #ElefantesDeTailandia #TurismoResponsable #CrecimientoConConciencia","Andrea López","andrea.lopez.vel","https://www.instagram.com/p/DVHbbJTEiH3/","3","","42","2026-02-23T21:48:17.000Z",,"SantuarioÉtico","ElefantesDeTailandia","TurismoResponsable","CrecimientoConConciencia",,,,,,,,,,,,,,,,,,,,,,,,,
"¡Cuidar nuestras áreas naturales es tarea de todas y todos! 💚

Durante tu visita a Oaxaca, recuerda que prevenir incendios forestales es fundamental para conservar nuestros paisajes. 

¡Disfruta con respeto y ayúdanos a proteger nuestra biodiversidad! 🌳✨

#Oaxaca #TierraOrgullosaDeSusRaíces #TurismoResponsable","Secretaría de Turismo del Estado de Oaxaca","secturoaxaca","https://www.instagram.com/p/DVHbEFPDJLZ/","0","","3","2026-02-23T21:45:09.000Z",,"Oaxaca","TierraOrgullosaDeSusRaíces","TurismoResponsable",,,,,,,,,,,,,,,,,,,,,,,,,,
"Caminar también es saber prepararse 🌿🥾

En Colombia Trekking creemos que una buena experiencia en la montaña comienza antes de dar el primer paso.

Llevar lo adecuado no solo mejora tu rendimiento, también cuida tu seguridad y el entorno.

Guarda esta guía para tu próxima caminata ⛰️✨
#ColombiaTrekking #Senderismo #HikingColombia #Naturaleza #turismoresponsable","Fernando de la Montaña","colombiatrekking_","https://www.instagram.com/p/DVHRc_0iV2F/","2","","7","2026-02-23T20:21:10.000Z",,"ColombiaTrekking","Senderismo","HikingColombia","Naturaleza","turismoresponsable",,,,,,,,,,,,,,,,,,,,,,,,
"🌿La sostenibilidad del turismo es clave para el futuro de la República Dominicana. Por eso Alemania, apoya un modelo turístico sostenible en la República Dominicana que genera oportunidades para las comunidades locales. La Embajadora de Alemania, Maike Friedrichsen, visitó el proyecto Tropicalia y su fundación en Miches: un ejemplo de cómo el turismo puede crecer protegiendo la naturaleza.
 
🌴 🌊El futuro Four Seasons Tropicalia demuestra que desarrollo turístico y conservación pueden ir juntos: diseño respetuoso, integración paisajística y estándares ambientales de primer nivel.
 
📒El desarrollo social sostenible también es importante para la comunidad local. Por lo tanto, con apoyo alemán, la fundación Tropicalia pudo equipar una escuela local —una inversión concreta en educación, oportunidades y protección ambiental.
 
Muchas gracias por una labor ejemplar en favor de la gente y la naturaleza.

@tropicaliard @promichesrd @biodiversidadynegociosgiz @fundaciontropicalia 

#Sostenibilidad #TurismoResponsable #Miches #Cooperación #alemaniaenrd","Alemania En Rd","alemaniaenrd","https://www.instagram.com/p/DVHKqNFEk48/","2","","64","2026-02-23T19:21:48.000Z",,"Sostenibilidad","TurismoResponsable","Miches","Cooperación","alemaniaenrd",,,,,,,,,,,,,,,,,,,,,,,,
"Viajar no es neutral.

Cada decisión que tomás —dónde dormís, qué comés, a quién le comprás, cómo te movés— deja una huella.

La pregunta es simple:
¿esa huella suma o resta?

Un viaje de impacto positivo:
🌿 cuida los ecosistemas
🤝 fortalece economías locales
🌎 respeta culturas y comunidades

No se trata de ser perfecto.
Se trata de ser consciente.

Porque viajar puede ser solo una experiencia personal… o puede ser una forma concreta de generar triple impacto.

¿De qué lado estás cuando viajás?

.

Travel isn’t neutral.

Every decision you make — where you stay, what you eat, who you buy from, how you move — leaves a footprint.

The real question is simple:
does that footprint add value… or take it away?

A positive impact trip:
🌿 protects ecosystems
🤝 strengthens local economies
🌎 respects cultures and communities

It’s not about being perfect.
It’s about being conscious.

Because travel can be just a personal experience…
or it can be a real tool for generating triple impact.

Which side are you on when you travel?

#TurismoSustentable #TripleImpacto #ViajarConPropósito #ImpactoPositivo #TurismoResponsable MaterTrave","MATER Turismo Sustentable","mater_sustentravel","https://www.instagram.com/p/DVHJO4lj5fR/","0","","9","2026-02-23T19:09:20.000Z",,"TurismoSustentable","TripleImpacto","ViajarConPropósito","ImpactoPositivo","TurismoResponsable",,,,,,,,,,,,,,,,,,,,,,,,
"Pinceladas de nuestro último tour por Tierras Altas y Breadalbane.

#desdestirling #tourprivado #toursenespañol #escociaconhistoriadores #escociaenespañol","eXplora Stirling","explorestirling","https://www.instagram.com/p/DVHISGqiKLs/","1","","13","2026-02-23T19:01:02.000Z",,"desdestirling","tourprivado","toursenespañol","escociaconhistoriadores","escociaenespañol",,,,,,,,,,,,,,,,,,,,,,,,
"🌧️🤝 Ante las lluvias, seguimos unidos y más fuertes que nunca.

En Kullay Wasi Baraquel Hotel nos solidarizamos con nuestra comunidad frente a la inclemencia de la naturaleza.

Creemos en la organización, en el apoyo mutuo y en la importancia de proteger a nuestras familias identificando rutas de evacuación y zonas seguras. Hoy más que nunca, estar preparados es una muestra de responsabilidad y unión 💛

🏨 A pesar de las circunstancias, seguimos atendiendo con el mismo compromiso, espíritu de servicio y calidez que nos caracteriza.
Porque avanzar juntos también es parte de nuestra misión.

📲 Reserva o consulta: 944 244 008
📍 Calle Los Arrayanes N° 100-B – Arequipa

Seguimos adelante. Con esperanza. Con compromiso. Con ustedes.

#Arequipa #KullayWasiBaraquel #Solidaridad #TurismoResponsable #HotelArequipa #UnidosSomosMásFuertes","Hotel Kullay Wasi Baraquel","casa.baraquel","https://www.instagram.com/p/DVHHeNBkqDT/","0","","0","2026-02-23T18:53:57.000Z",,"Arequipa","KullayWasiBaraquel","Solidaridad","TurismoResponsable","HotelArequipa","UnidosSomosMásFuertes",,,,,,,,,,,,,,,,,,,,,,,
"🌴✨ Huatulco te espera con la tranquilidad y belleza que lo caracteriza.

Ante la información reciente que circula, la Asociación de Hoteles de Huatulco reafirma su compromiso con la seguridad y bienestar de todos los visitantes. El destino continúa operando con normalidad, brindando experiencias inolvidables en un entorno seguro y acogedor.

En Viajes Gala Tours seguimos atentos y comprometidos en ofrecerte información clara para que viajes con confianza.

📍 Tu tranquilidad es parte del viaje.

#Huatulco #ViajaSeguro #ViajesGalaTours #TurismoResponsable #Oaxaca #Vacaciones2026","Viajes Gala Tours 🌊","viajesgalatours","https://www.instagram.com/p/DVHDUgkkZC-/","0","","0","2026-02-23T18:17:41.000Z",,"Huatulco","ViajaSeguro","ViajesGalaTours","TurismoResponsable","Oaxaca","Vacaciones2026",,,,,,,,,,,,,,,,,,,,,,,
"🚴‍♂️ ¿List@ para pedalear más que kilómetros?

Descubre la inspiradora historia de Pedro Valenzuela Morales, guía local del Maule que transformó su pasión por la bicicleta y el territorio en Leer el blog completo en Trekkingchile
 🌄

En esta entrevista exploramos cómo nació Séptima Ruta Cicloturismo desde Constitución hasta Talca, una experiencia que conecta estaciones, comunidades rurales, paisajes escondidos y vivencias humanas reales. 🌱👣

🔹 Experiencias auténticas en bicicleta 🚲
🔹 Turismo comunitario y sostenible 🤝
🔹 Conexión profunda con la naturaleza y la cultura local 🌾
🔹 Consejos, desafíos y aprendizajes de un guía apasionado 💬

Si te gusta cicloturismo, viajes con sentido y aventuras fuera de lo convencional, este relato te va a inspirar. 🌍✨

👉 Lee más, enlace en la BIO

 #Territorio, #Cicloaventura y #TurismoResponsable #Trekkingchile #Cicloturismo","Lodge Casa Chueca","lodge_casa_chueca","https://www.instagram.com/p/DVG9KzEDmLk/","0","","30","2026-02-23T17:23:55.000Z",,"Territorio,","Cicloaventura","TurismoResponsable","Trekkingchile","Cicloturismo",,,,,,,,,,,,,,,,,,,,,,,,
"Formar parte de nuestra certificación de Sello de Calidad Turística APTSO, significa apostar por un turismo que genera bienestar económico, valor cultural y equilibrio ambiental.

🌎 El futuro del turismo se construye con acciones concretas y nosotros te acompañamos durante el proceso. 

¿Estás listo? 

📩 Conozce cómo certificarse escribiéndonos a Info@aptso.org

#CertificaciónAPTSO #TurismoResponsable #TurismoSostenible #LiderazgoÉtico","APTSO","aptsopanama","https://www.instagram.com/p/DVG8KplCmRL/","0","","15","2026-02-23T17:15:15.000Z",,"CertificaciónAPTSO","TurismoResponsable","TurismoSostenible","LiderazgoÉtico",,,,,,,,,,,,,,,,,,,,,,,,,
"¡Tolerancia cero en el Paine! 🚫🔥 Las expulsiones de turistas han subido de forma explosiva este verano: 46 personas ya han sido sacadas del parque por prender fuego o usar cocinillas donde no deben. 📢 ""Se acabaron las advertencias"", aseguran desde Conaf. La seguridad de nuestra Octava Maravilla es prioridad. ¡A cuidar el parque o se van! ❄️✨🏔️⁠
⁠
👉 ¿Crees que las multas deberían ser aún más altas para los turistas que arriesgan el parque? ¿O falta más información en la entrada? Cuéntanos en los comentarios. Más detalles en www.elpinguino.com⁠
⁠
#TorresDelPaine #ConafMagallanes #TurismoResponsable #PuntaArenas #PuertoNatales #MedioAmbiente #Noticias2026","El Pingüino","elpinguinomultimedia","https://www.instagram.com/p/DVG8JwUEeQm/","10","","231","2026-02-23T17:15:12.000Z",,"TorresDelPaine","ConafMagallanes","TurismoResponsable","PuntaArenas","PuertoNatales","MedioAmbiente","Noticias2026",,,,,,,,,,,,,,,,,,,,,,
"En las Cataratas del Iguazú, se viralizo una imagen que generó bronca: se ve a un hombre alzando a un bebé por encima de la baranda, sobre el vacío, en la Garganta del Diablo.

Ocurrió dentro del Parque Nacional Iguazú, en el sector más caudaloso. Ahí las normas prohíben treparse o sobrepasar barandas por seguridad.

Cualquier resbalón, un movimiento brusco o una distracción podía terminar en tragedia.

Más información en estacionline.com

#Iguazu #CataratasDelIguazu #Misiones #TurismoResponsable #Seguridad","Estación Online","estacionline","https://www.instagram.com/p/DVG1SfqifIB/","49","","101","2026-02-23T16:15:04.000Z",,"Iguazu","CataratasDelIguazu","Misiones","TurismoResponsable","Seguridad",,,,,,,,,,,,,,,,,,,,,,,,
"🧡 Recorrer las preciosas calles de Ciudad Rodrigo es un placer que nos podemos permitir los propios mirobrigenses y los afortunados turistas que nos visitan

🧡 En la calle Madrid podemos encontrar comercios vintage, varios palacios de diferentes épocas, magníficas ventanas renacentistas en ángulo, maravillosos miradores acristalados, bonitas rejas en balcones y ventanas, etc., etc., todo en una sola calle 🤗

#visitaCiudadRodrigo #CiudadRodrigo #visitasguiadasCiudadRodrigo #guíalocalCiudadRodrigo #descubriendoCiudadRodrigo","Visitas guiadas Ciudad Rodrigo, Mª Antonia Cid (DCR)","visitasguiadasciudadrodrigo","https://www.instagram.com/p/DVGzrJlDNYz/","1","","27","2026-02-23T16:00:57.000Z",,"visitaCiudadRodrigo","CiudadRodrigo","visitasguiadasCiudadRodrigo","guíalocalCiudadRodrigo","descubriendoCiudadRodrigo",,,,,,,,,,,,,,,,,,,,,,,,
"Hay lugares que no solo se visitan, se sienten. 🤍🩵💙

​Este santuario no es solo un paisaje de postal; es el latido de miles de especies que encuentran en sus aguas y manglares un refugio seguro. 

Desde el nado pausado de las tortugas hasta el viaje incansable de las aves migratorias, cada rincón nos recuerda la magia de la vida en estado puro. 🐢

​La naturaleza nos regala su belleza, y a cambio, solo nos pide una cosa: respeto. ¿Te sumas a proteger este paraíso?

​➡️ Desliza para sumergirte en este santuario y cuéntanos: ¿Cuál de estas maravillas te impresionó más? 🌊

​#SantuarioDeVida #TIFM #NaturalezaViva #TurismoResponsable #VidaMarina Conservacion","Gobierno del Territorio Insular Francisco de Miranda","insularmiranda_ve","https://www.instagram.com/p/DVGvHMVFprd/","0","","30","2026-02-23T15:21:05.000Z",,"SantuarioDeVida","TIFM","NaturalezaViva","TurismoResponsable","VidaMarina",,,,,,,,,,,,,,,,,,,,,,,,
"Fatima Chicken Center 🐔 #fatima #barcelonainspira #ell #artnouveau #basilicadelasagradafamilia #gaud #sagradafamiliabarcelona #raconsde #naturaleza #lia #sagradafam #antonigaud #platjesdecatalunya #catalanspelmon #modernismecat #cntraveller #natgeotravel #architecturephotography #catalunyaexperience #fitur #barcelonaturisme #costa #gaudibarcelona #lasramblas #turismoresponsable","Fatima Chicken Center","fatima_chicken01","https://www.instagram.com/p/DVGteULjRsr/","0","","-1","2026-02-23T15:06:48.000Z",,"fatima","barcelonainspira","ell","artnouveau","basilicadelasagradafamilia","gaud","sagradafamiliabarcelona","raconsde","naturaleza","lia","sagradafam","antonigaud","platjesdecatalunya","catalanspelmon","modernismecat","cntraveller","natgeotravel","architecturephotography","catalunyaexperience","fitur","barcelonaturisme","costa","gaudibarcelona","lasramblas","turismoresponsable",,,,
"🌿✨ Túnel Verde de Iraí
Um dos cartões-postais mais encantadores da nossa cidade, formado pela mata nativa que emoldura as ruas com toda sua beleza natural. 💚

#HotelIraí #TúnelVerde #TurismoIraí #","Hotel Iraí","hotelirai","https://www.instagram.com/p/DVE4aAtEtzf/","1","","13","2026-02-22T22:03:49.000Z",,"HotelIraí","TúnelVerde","TurismoIraí",,,,,,,,,,,,,,,,,,,,,,,,,,
"Túnel Verde poderá ganhar mais um quilômetro e iluminação ornamental em Balneário Pinhal

-------------
Saiba mais acessando o link em nossa bio.

#acontecenors #noticiasrs #TúnelVerde #litoral #BalneárioPinhal","Acontece no RS","acontecenors","https://www.instagram.com/p/DUVpQIejM8C/","0","","1","2026-02-04T13:47:13.000Z",,"acontecenors","noticiasrs","TúnelVerde","litoral","BalneárioPinhal",,,,,,,,,,,,,,,,,,,,,,,,
"O título de túnel verde mais bonito e longo do Brasil pertence a Itacoatiara e não a Porto Alegre, defende o escritor Francisco Gomes. Em livro publicado pela Academia Amazonense de Letras, o pesquisador reivindica o reconhecimento para a cidade amazonense, contestando a fama que hoje beneficia a rua Gonçalo de Carvalho, na capital gaúcha.
Acompanhe esta matéria na íntegra através do link na bio 🔗
#Itacoatiara #Amazonas #TúnelVerde #Turismo #Cultura","BNC","bncamazonas","https://www.instagram.com/p/DT6jirMkTod/","54","","2820","2026-01-25T01:17:42.000Z",,"Itacoatiara","Amazonas","TúnelVerde","Turismo","Cultura",,,,,,,,,,,,,,,,,,,,,,,,
"Dizem que quem bebe dessa água sempre volta... A Fonte Milagrosa é parada obrigatória no nosso roteiro por São Miguel dos Milagres. Um lugar cheio de história e cercado pelo verde da nossa região. Traga sua família para viver essa experiência mística e renovadora! 
-
-
Buggy, praia e muito amor 💕🚙 #momentosinesquecíveis 
-
Está a procura de um serviço de qualidade, conforto e segurança? Vem com a gente! Aqui oferecemos os melhores serviços da região. Estamos há mais de 7 anos no ramo, buscando sempre a satisfação dos nossos clientes!
-
-
📍Buggy Rota Ecológica dos Milagres 
-
-
🚘 Transfer Aeroporto 24h ✈️🛩
• Maceió 
•Recife 

🏎 Passeios de Buggy:
▪︎ Buggy Praias de Japaratinga 
▪︎ Buggy Praias de Maragogi 
▪︎ Buggy Rota Ecológica dos Milagres 
▪︎ Passeio de Buggy Especial 

-
🚤 Piscinas Naturais:
🏝 ▪︎ Japaratinga 
🏝 ▪︎ Maragogi 
🏝 ▪︎ Patacho 
🏝 ▪︎ Milagres 
🏝 ▪︎ Patacho 

-
 🚖 City Tour:
▪︎ Orla Maceió 
▪︎ Praia do Francês 
▪︎ Praia do Gunga 
▪︎ Praia dos Carneiros 
▪︎ Ilha de Santo Aleixo 
▪︎ Porto de Galinhas 
-
💚💛💙
-
-
Um incrível passeio para curtir ou lado de quem você ama! 🤩🤩 
-
@japaratinga_visit_tur ⭐⭐⭐⭐⭐
-
Central de Reservas pelo WhatsApp ↙️

➡️ 📲 (82) 9 9420-9267

-
Aqui a Satisfação é Garantida ✅
-
Vem viver grandes momentos 🤗
-
Um super passeio acompanhado de um super book de fotos incluso. 
-
Vem com sua família curtir um passeio sensacional.
-

#tunelverde #saomigueldosmilagres #praiadopatacho #maragogi #japaratinga #túnelverde #antunes #nordeste #alagoas #trip #trips #caribe #japaratingaloungeresort #japaratingaresort #caribebrasileiro #litoral #litoralnorte #ferias #paraiso
#pousadasollaris #japaratingaloungeresort #bitinguipraiahotel #viladetaipaexclusivehotel #pousadadoalto #paraísodoscoqueirais #portomanguaba #albacora #penaareiaboutiquehotel #japaratingavisittur","Passeios em Japaratinga","japaratinga_visit_tur","https://www.instagram.com/p/DTnMJgWFTq6/","0","","18","2026-01-17T12:47:43.000Z",,"momentosinesquecíveis","tunelverde","saomigueldosmilagres","praiadopatacho","maragogi","japaratinga","túnelverde","antunes","nordeste","alagoas","trip","trips","caribe","japaratingaloungeresort","japaratingaresort","caribebrasileiro","litoral","litoralnorte","ferias","paraiso","pousadasollaris","bitinguipraiahotel","viladetaipaexclusivehotel","pousadadoalto","paraísodoscoqueirais","portomanguaba","albacora","penaareiaboutiquehotel","japaratingavisittur"
"La Avenida San Martín de Colonia Caroya 🌳
Un verdadero ícono de nuestra ciudad.

Con 13 kilómetros de extensión y más de 2.450 plátanos, esta avenida es considerada una de las avenidas arboladas más largas de Sudamérica, formando un impresionante túnel verde que cambia de color con cada estación.

#ColoniaCaroya #AvenidaSanMartín #TúnelVerde #VistaAérea #Córdoba","sergioarielcasas","sergioarielcasasok","https://www.instagram.com/p/DTlIfuVjt7H/","2","","29","2026-01-16T17:37:19.000Z",,"ColoniaCaroya","AvenidaSanMartín","TúnelVerde","VistaAérea","Córdoba",,,,,,,,,,,,,,,,,,,,,,,,
"Momentos assim não se explicam, se vivem. 🌅
Amigos, sorrisos e um pôr do sol que ficará para sempre na memória. 🤩💚💛💙
-
-
Buggy, praia e muito amor 💕🚙 #momentosinesquecíveis 
-
Está a procura de um serviço de qualidade, conforto e segurança? Vem com a gente! Aqui oferecemos os melhores serviços da região. Estamos há mais de 8 anos no ramo, buscando sempre a satisfação dos nossos clientes!
-
-
📍- Buggy Maragogi + Pôr do Sol 
-
-
🚘 Transfer Aeroporto 24h ✈️🛩
• Maceió 
•Recife 

🏎 Passeios de Buggy:
▪︎ Buggy Praias de Japaratinga 
▪︎ Buggy Praias de Maragogi 
▪︎ Buggy Rota Ecológica dos Milagres 
▪︎ Passeio de Buggy Especial 

-
🚤 Piscinas Naturais:
🏝 ▪︎ Japaratinga 
🏝 ▪︎ Maragogi 
🏝 ▪︎ Patacho 
🏝 ▪︎ Milagres 
🏝 ▪︎ Patacho 

-
 🚖 City Tour:
▪︎ Orla Maceió 
▪︎ Praia do Francês 
▪︎ Praia do Gunga 
▪︎ Praia dos Carneiros 
▪︎ Ilha de Santo Aleixo 
▪︎ Porto de Galinhas 
-
💚💛💙
-
-
Um incrível passeio para curtir ou lado de quem você ama! 🤩🤩 
-
@japaratinga_visit_tur ⭐⭐⭐⭐⭐
-
Central de Reservas pelo WhatsApp ↙️

➡️ 📲 (82) 9 9420-9267

-
Aqui a Satisfação é Garantida ✅
-
Vem viver grandes momentos 🤗
-
Um super passeio acompanhado de um super book de fotos incluso. 
-
Vem com sua família curtir um passeio sensacional.
-

#tunelverde #saomigueldosmilagres #praiadopatacho #maragogi #japaratinga #túnelverde #antunes #nordeste #alagoas #trip #trips #caribe #japaratingaloungeresort #japaratingaresort #caribebrasileiro #litoral #litoralnorte #ferias #paraiso
#pousadasollaris #japaratingaloungeresort #bitinguipraiahotel #viladetaipaexclusivehotel #pousadadoalto #paraísodoscoqueirais #portomanguaba #albacora #penaareiaboutiquehotel #japaratingavisittur","Passeios em Japaratinga","japaratinga_visit_tur","https://www.instagram.com/p/DTbqlqBlXRc/","0","","14","2026-01-13T01:22:49.000Z",,"momentosinesquecíveis","tunelverde","saomigueldosmilagres","praiadopatacho","maragogi","japaratinga","túnelverde","antunes","nordeste","alagoas","trip","trips","caribe","japaratingaloungeresort","japaratingaresort","caribebrasileiro","litoral","litoralnorte","ferias","paraiso","pousadasollaris","bitinguipraiahotel","viladetaipaexclusivehotel","pousadadoalto","paraísodoscoqueirais","portomanguaba","albacora","penaareiaboutiquehotel","japaratingavisittur"
"Braços abertos, sorriso no rosto e o coração cheio de gratidão.
Uma viagem especial de mãe e filho, marcada por amor, aventura e paisagens de tirar o fôlego.
Momentos simples que se tornam inesquecíveis 💚💛💙
-
-
Vem viver essa experiência com a gente 🤩
-
-
Buggy, praia e muito amor 💕🚙 #momentosinesquecíveis 
-
Está a procura de um serviço de qualidade, conforto e segurança? Vem com a gente! Aqui oferecemos os melhores serviços da região. Estamos há mais de 7 anos no ramo, buscando sempre a satisfação dos nossos clientes!
-
📍- Buggy Rota Ecológica dos Milagres

-
🚘 Transfer Aeroporto 24h ✈️🛩
• Maceió 
•Recife 

🏎 Passeios de Buggy:
▪︎ Buggy Praias de Japaratinga 
▪︎ Buggy Praias de Maragogi 
▪︎ Buggy Rota Ecológica dos Milagres 
▪︎ Passeio de Buggy Especial 

-
🚤 Piscinas Naturais:
🏝 ▪︎ Japaratinga 
🏝 ▪︎ Maragogi 
🏝 ▪︎ Patacho 
🏝 ▪︎ Milagres 
🏝 ▪︎ Patacho 

-
 🚖 City Tour:
▪︎ Orla Maceió 
▪︎ Praia do Francês 
▪︎ Praia do Gunga 
▪︎ Praia dos Carneiros 
▪︎ Ilha de Santo Aleixo 
▪︎ Porto de Galinhas 
-
💚💛💙
-
-
Um incrível passeio para curtir ou lado de quem você ama! 🤩🤩 
-
@japaratinga_visit_tur ⭐⭐⭐⭐⭐
-
Central de Reservas pelo WhatsApp ↙️

➡️ 📲 (82) 9 9420-9267

-
Aqui a Satisfação é Garantida ✅
-
Vem viver grandes momentos 🤗
-
Um super passeio acompanhado de um super book de fotos incluso. 
-
Vem com sua família curtir um passeio sensacional.
-

#tunelverde #saomigueldosmilagres #praiadopatacho #maragogi #japaratinga #túnelverde #antunes #nordeste #alagoas #trip #trips #caribe #japaratingaloungeresort #japaratingaresort #caribebrasileiro #litoral #litoralnorte #ferias #paraiso
#pousadasollaris #japaratingaloungeresort #bitinguipraiahotel #viladetaipaexclusivehotel #pousadadoalto #paraísodoscoqueirais #portomanguaba #albacora #penaareiaboutiquehotel #japaratingavisittur","Passeios em Japaratinga","japaratinga_visit_tur","https://www.instagram.com/p/DTQnEnVlbYW/","0","","18","2026-01-08T18:20:27.000Z",,"momentosinesquecíveis","tunelverde","saomigueldosmilagres","praiadopatacho","maragogi","japaratinga","túnelverde","antunes","nordeste","alagoas","trip","trips","caribe","japaratingaloungeresort","japaratingaresort","caribebrasileiro","litoral","litoralnorte","ferias","paraiso","pousadasollaris","bitinguipraiahotel","viladetaipaexclusivehotel","pousadadoalto","paraísodoscoqueirais","portomanguaba","albacora","penaareiaboutiquehotel","japaratingavisittur"
"Milagres é uma coleção de cenários, cada um com um ritmo. Você não “faz turismo”: você desacelera e desfruta. Ao redor da Casa Naluum, a Rota dos Milagres vira uma coleção de pequenos “uau’s”. E o melhor: sem precisar correr. Só escolher.

🌿 Túnel Verde: o caminho já desacelera você.
🌊 Tatuamunha: rio calmo, natureza viva e um silêncio que abraça.
🏝️ Patacho: mar de piscina, areia clara e aquela sensação de “só existe isso agora”.
🪸 Lages: quando a maré baixa, o oceano muda de forma e revela detalhes raros.
🌅 Farol: horizonte aberto, vento no rosto e fim de tarde do jeito que deveria ser.

Aqui, o roteiro não é “turístico”. É sensorial. É leve. É do tamanho do seu descanso.

#Lages #Patacho #Tatuamunha #TúnelVerde #Farol","Casa Beira mar pé na areia","naluum_milagres","https://www.instagram.com/p/DTNt6krjmEv/","0","","-1","2026-01-07T15:22:31.000Z",,"Lages","Patacho","Tatuamunha","TúnelVerde","Farol",,,,,,,,,,,,,,,,,,,,,,,,
"Maragogi é assim: encanto em cada canto 🌊💙
Mais um grupo vivendo experiências inesquecíveis, colecionando sorrisos e momentos que ficam para sempre.
Vem viver o melhor do Caribe Brasileiro com a gente! 💚💛💙
-
-
Buggy, praia e muito amor 💕🚙 #momentosinesquecíveis 
-
-
Está a procura de um serviço de qualidade, conforto e segurança? Vem com a gente! Aqui oferecemos os melhores serviços da região. Estamos há mais de 7 anos no ramo, buscando sempre a satisfação dos nossos clientes!
-
-
📍 BUGGY PRAIAS DE MARAGOGI 
-
-
🚘 Transfer Aeroporto 24h ✈️🛩
• Maceió 
•Recife 

🏎 Passeios de Buggy:
▪︎ Buggy Praias de Japaratinga 
▪︎ Buggy Praias de Maragogi 
▪︎ Buggy Rota Ecológica dos Milagres 
▪︎ Passeio de Buggy Especial 

-
🚤 Piscinas Naturais:
🏝 ▪︎ Japaratinga 
🏝 ▪︎ Maragogi 
🏝 ▪︎ Patacho 
🏝 ▪︎ Milagres 
🏝 ▪︎ Patacho 

-
 🚖 City Tour:
▪︎ Orla Maceió 
▪︎ Praia do Francês 
▪︎ Praia do Gunga 
▪︎ Praia dos Carneiros 
▪︎ Ilha de Santo Aleixo 
▪︎ Porto de Galinhas 
-
💚💛💙
-
-
Um incrível passeio para curtir ou lado de quem você ama! 🤩🤩 
-
@japaratinga_visit_tur ⭐⭐⭐⭐⭐
-
Central de Reservas pelo WhatsApp ↙️

➡️ 📲 (82) 9 9420-9267

-
Aqui a Satisfação é Garantida ✅
-
Vem viver grandes momentos 🤗
-
Um super passeio acompanhado de um super book de fotos incluso. 
-
Vem com sua família curtir um passeio sensacional.
-

#tunelverde #saomigueldosmilagres #praiadopatacho #maragogi #japaratinga #túnelverde #antunes #nordeste #alagoas #trip #trips #caribe #japaratingaloungeresort #japaratingaresort #caribebrasileiro #litoral #litoralnorte #ferias #paraiso
#pousadasollaris #japaratingaloungeresort #bitinguipraiahotel #viladetaipaexclusivehotel #pousadadoalto #paraísodoscoqueirais #portomanguaba #albacora #penaareiaboutiquehotel #japaratingavisittur","Passeios em Japaratinga","japaratinga_visit_tur","https://www.instagram.com/p/DTJiJz-lc9J/","0","","16","2026-01-06T00:22:47.000Z",,"momentosinesquecíveis","tunelverde","saomigueldosmilagres","praiadopatacho","maragogi","japaratinga","túnelverde","antunes","nordeste","alagoas","trip","trips","caribe","japaratingaloungeresort","japaratingaresort","caribebrasileiro","litoral","litoralnorte","ferias","paraiso","pousadasollaris","bitinguipraiahotel","viladetaipaexclusivehotel","pousadadoalto","paraísodoscoqueirais","portomanguaba","albacora","penaareiaboutiquehotel","japaratingavisittur"
"Túnel Verde, Porto de Pedras - AL.

#TúnelVerde #PortoDePedras #AL","""Viny"" Reis Pellegrini","vinyreispellegrini","https://www.instagram.com/p/DTGR5Foj4ZG/","2","","24","2026-01-04T18:02:58.000Z",,"TúnelVerde","PortoDePedras","AL",,,,,,,,,,,,,,,,,,,,,,,,,,
"Onde o pôr do sol encontra a tranquilidade, nascem experiências que ficam para sempre.
-
Viva momentos únicos, conecte-se com a natureza e deixe Japaratinga te surpreender.
-
Japaratinga Visit Tur 💚💙💛
-
Buggy, praia e muito amor 💕🚙 #momentosinesquecíveis 
-
Está a procura de um serviço de qualidade, conforto e segurança? Vem com a gente! Aqui oferecemos os melhores serviços da região. Estamos há mais de 7 anos no ramo, buscando sempre a satisfação dos nossos clientes!
-
📍Buggy Japaratinga + Pôr do Sol 
-
🚘 Transfer Aeroporto 24h ✈️🛩
• Maceió 
•Recife 

🏎 Passeios de Buggy:
▪︎ Buggy Praias de Japaratinga 
▪︎ Buggy Praias de Maragogi 
▪︎ Buggy Rota Ecológica dos Milagres 
▪︎ Passeio de Buggy Especial 

-
🚤 Piscinas Naturais:
🏝 ▪︎ Japaratinga 
🏝 ▪︎ Maragogi 
🏝 ▪︎ Patacho 
🏝 ▪︎ Milagres 
🏝 ▪︎ Patacho 

-
 🚖 City Tour:
▪︎ Orla Maceió 
▪︎ Praia do Francês 
▪︎ Praia do Gunga 
▪︎ Praia dos Carneiros 
▪︎ Ilha de Santo Aleixo 
▪︎ Porto de Galinhas 
-
💚💛💙
-
-
Um incrível passeio para curtir ou lado de quem você ama! 🤩🤩 
-
@japaratinga_visit_tur ⭐⭐⭐⭐⭐
-
Central de Reservas pelo WhatsApp ↙️

➡️ 📲 (82) 9 9420-9267

-
Aqui a Satisfação é Garantida ✅
-
Vem viver grandes momentos 🤗
-
Um super passeio acompanhado de um super book de fotos incluso. 
-
Vem com sua família curtir um passeio sensacional.
-

#tunelverde #saomigueldosmilagres #praiadopatacho #maragogi #japaratinga #túnelverde #antunes #nordeste #alagoas #trip #trips #caribe #japaratingaloungeresort #japaratingaresort #caribebrasileiro #litoral #litoralnorte #ferias #paraiso
#pousadasollaris #japaratingaloungeresort #bitinguipraiahotel #viladetaipaexclusivehotel #pousadadoalto #paraísodoscoqueirais #portomanguaba #albacora #penaareiaboutiquehotel #japaratingavisittur","Passeios em Japaratinga","japaratinga_visit_tur","https://www.instagram.com/p/DTBI-PAFVEC/","2","","15","2026-01-02T18:08:50.000Z",,"momentosinesquecíveis","tunelverde","saomigueldosmilagres","praiadopatacho","maragogi","japaratinga","túnelverde","antunes","nordeste","alagoas","trip","trips","caribe","japaratingaloungeresort","japaratingaresort","caribebrasileiro","litoral","litoralnorte","ferias","paraiso","pousadasollaris","bitinguipraiahotel","viladetaipaexclusivehotel","pousadadoalto","paraísodoscoqueirais","portomanguaba","albacora","penaareiaboutiquehotel","japaratingavisittur"
"Viajar em família é transformar cada parada em uma lembrança eterna.
-
Buggy, praia e muito amor 💕🚙 #momentosinesquecíveis 
-
Está a procura de um serviço de qualidade, conforto e segurança? Vem com a gente! Aqui oferecemos os melhores serviços da região. Estamos há mais de 7 anos no ramo, buscando sempre a satisfação dos nossos clientes!
-
✴ - Buggy Praias de Japaratinga 

-
🚘 Transfer Aeroporto 24h ✈️🛩
• Maceió 
•Recife 

-
🏎 Passeios de Buggy:
▪︎ Buggy Praias de Japaratinga 
▪︎ Buggy Praias de Maragogi 
▪︎ Buggy Rota Ecológica dos Milagres 
▪︎ Passeio de Buggy Especial 

-
🚤 Piscinas Naturais:
🏝 ▪︎ Japaratinga 
🏝 ▪︎ Maragogi 
🏝 ▪︎ Patacho 
🏝 ▪︎ Milagres 
🏝 ▪︎ Patacho 

-
 🚖 City Tour:
▪︎ Orla Maceió 
▪︎ Praia do Francês 
▪︎ Praia do Gunga 
▪︎ Praia dos Carneiros 
▪︎ Ilha de Santo Aleixo 
▪︎ Porto de Galinhas 
-
💚💛💙
-
-
Um incrível passeio para curtir ou lado de quem você ama! 🤩🤩 
-
@japaratinga_visit_tur ⭐⭐⭐⭐⭐
-
Central de Reservas pelo WhatsApp ↙️

➡️ 📲 (82) 9 9420-9267

-
Aqui a Satisfação é Garantida ✅
-
Vem viver grandes momentos 🤗
-
Um super passeio acompanhado de um super book de fotos incluso. 
-
Vem com sua família curtir um passeio sensacional.
-

#tunelverde #saomigueldosmilagres #praiadopatacho #maragogi #japaratinga #túnelverde #antunes #nordeste #alagoas #trip #trips #caribe #japaratingaloungeresort #japaratingaresort #caribebrasileiro #litoral #litoralnorte #ferias #paraiso
#pousadasollaris #japaratingaloungeresort #bitinguipraiahotel #viladetaipaexclusivehotel #pousadadoalto #paraísodoscoqueirais #portomanguaba #albacora #penaareiaboutiquehotel #japaratingavisittur","Passeios em Japaratinga","japaratinga_visit_tur","https://www.instagram.com/p/DS0jfJHFdet/","1","","17","2025-12-28T20:50:23.000Z",,"momentosinesquecíveis","tunelverde","saomigueldosmilagres","praiadopatacho","maragogi","japaratinga","túnelverde","antunes","nordeste","alagoas","trip","trips","caribe","japaratingaloungeresort","japaratingaresort","caribebrasileiro","litoral","litoralnorte","ferias","paraiso","pousadasollaris","bitinguipraiahotel","viladetaipaexclusivehotel","pousadadoalto","paraísodoscoqueirais","portomanguaba","albacora","penaareiaboutiquehotel","japaratingavisittur"
"Dias incríveis, risadas, passeios e muita união em família! Obrigado por escolherem nossa agência para cuidar de cada detalhe dessa experiência especial. Foi um prazer acompanhar vocês em dias incríveis, com experiências únicas e momentos que ficarão marcados para sempre 😍💚💙
-
-
Buggy, praia e muito amor 💕🚙 #momentosinesquecíveis 
-
Está a procura de um serviço de qualidade, conforto e segurança? Vem com a gente! Aqui oferecemos os melhores serviços da região. Estamos há mais de 7 anos no ramo, buscando sempre a satisfação dos nossos clientes!
-
✴ - Buggy Rota Ecológica dos Milagres 

-
🚘 TRANSFER AEROPORTO 24H ✈️🛩
• Maceió 
•Recife 

🏎 PASSEIOS DE BUGGY:
▪︎ Buggy Praias de Japaratinga 
▪︎ Buggy Praias de Maragogi 
▪︎ Buggy Rota Ecológica dos Milagres 
▪︎ Passeio de Buggy Especial 

-
🚤 PISCINAS NATURAIS:
🏝 ▪︎ Japaratinga 
🏝 ▪︎ Maragogi 
🏝 ▪︎ Patacho 
🏝 ▪︎ Milagres 
🏝 ▪︎ Patacho 

-
 🚖 CITY TOUR:
▪︎ Orla Maceió 
▪︎ Praia do Francês 
▪︎ Praia do Gunga 
▪︎ Praia dos Carneiros 
▪︎ Ilha de Santo Aleixo 
▪︎ Porto de Galinhas 
-
💚💛💙
-
-
Um incrível passeio para curtir ou lado de quem você ama! 🤩🤩 
-
@japaratinga_visit_tur ⭐⭐⭐⭐⭐
-
Central de Reservas pelo WhatsApp ↙️

➡️ 📲 (82) 9 9420-9267

-
Aqui a Satisfação é Garantida ✅
-
Vem viver grandes momentos 🤗
-
Um super passeio acompanhado de um super book de fotos incluso. 
-
Vem com sua família curtir um passeio sensacional.
-

#tunelverde #saomigueldosmilagres #praiadopatacho #maragogi #japaratinga #túnelverde #antunes #nordeste #alagoas #trip #trips #caribe #japaratingaloungeresort #japaratingaresort #caribebrasileiro #litoral #litoralnorte #ferias #paraiso
#pousadasollaris #japaratingaloungeresort #bitinguipraiahotel #viladetaipaexclusivehotel #pousadadoalto #paraísodoscoqueirais #portomanguaba #albacora #penaareiaboutiquehotel #japaratingavisittur","Passeios em Japaratinga","japaratinga_visit_tur","https://www.instagram.com/p/DSnUw3SlRsV/","0","","9","2025-12-23T17:31:36.000Z",,"momentosinesquecíveis","tunelverde","saomigueldosmilagres","praiadopatacho","maragogi","japaratinga","túnelverde","antunes","nordeste","alagoas","trip","trips","caribe","japaratingaloungeresort","japaratingaresort","caribebrasileiro","litoral","litoralnorte","ferias","paraiso","pousadasollaris","bitinguipraiahotel","viladetaipaexclusivehotel","pousadadoalto","paraísodoscoqueirais","portomanguaba","albacora","penaareiaboutiquehotel","japaratingavisittur"
"A Coleta Seletiva chega à sua etapa final de implantação em Balneário Pinhal.

Agora, todos os bairros e distritos estão oficialmente contemplados. Cada cantinho da cidade faz parte desse avanço.

É a consolidação de um trabalho construído passo a passo, com planejamento, diálogo e compromisso com o futuro. A partir de agora, o desafio é coletivo: acompanhar o cronograma, separar corretamente os recicláveis e transformar esse serviço em hábito.

Porque cidade organizada não se faz só com caminhão na rua, se faz com consciência dentro de casa.

A partir de 19 de dezembro, a coleta seletiva passa a atender todo o território de Balneário Pinhal, mantendo o cronograma nos distritos. Confira as rotas:

🚛 Rotas da Coleta Seletiva
• Segundas-feiras
Pinhal Sede: da Rua 25 de Março até a Av. Maristela.

• Terças-feiras
Magistério: Av. Paraguassú, lado mar.

• Quartas-feiras
Magistério: Av. Paraguassú, lado lagoa.

• Quintas-feiras
Pinhal Sede: da Rua 25 de Março até a Av. Nilson Santana dos Santos.

• Sextas-feiras
Toda a região das Figueirinhas e do Distrito do Túnel Verde.

• Segunda a sexta-feira – Avenidas principais
Pinhal Sede: Av. Itália, Rod. Tapir Rocha, Av. Castelo Branco, Rua General Osório e Av. Nei Luis Zang.
Magistério: Av. Luciana de Abreu.

📲 Baixe o aplicativo ECOPINHAL

Acompanhe rotas, horários e orientações direto no seu celular. Disponível na Google Play e App Store.
A cidade avançou.

Agora, cada cidadão faz a sua parte para manter esse avanço vivo, funcionando e sustentável.
🌱💫

#ColetaSeletiva #TúnelVerde #BalneárioPinhalRS #AppEcopinhal #Reciclagem #CuidadoComACidade #SemeandoFuturo","Prefeitura de Balneário Pinhal/RS","balneariopinhalrs","https://www.instagram.com/p/DSXxCc2DaRO/","0","","28","2025-12-17T16:30:00.000Z",,"ColetaSeletiva","TúnelVerde","BalneárioPinhalRS","AppEcopinhal","Reciclagem","CuidadoComACidade","SemeandoFuturo",,,,,,,,,,,,,,,,,,,,,,
"🏃🏻‍♂️Media Maratón #túnelverde 14/12/025 para cerrar el año 🙌🏻💪🏻","David  Salinas","cristiandavid.7","https://www.instagram.com/p/DSSwA2HETgz/","0","","69","2025-12-15T17:45:40.000Z",,"túnelverde",,,,,,,,,,,,,,,,,,,,,,,,,,,,
"🌿✨ Túnel Verde de Iraí
Um dos cartões-postais mais encantadores da nossa cidade, formado pela mata nativa que emoldura as ruas com toda sua beleza natural. 💚

#HotelIraí #TúnelVerde #TurismoIraí #natureza","Hotel Iraí","hotelirai","https://www.instagram.com/p/DR67XMcFrib/","0","","8","2025-12-06T11:43:04.000Z",,"HotelIraí","TúnelVerde","TurismoIraí","natureza",,,,,,,,,,,,,,,,,,,,,,,,,
"Já ouviu falar da rua mais bonita do mundo que fica no Brasil? Em Porto Alegre, a Gonçalo de Carvalho encanta com seu túnel verde de tipuanas, unindo arquitetura do século 20 e natureza em perfeita harmonia. Um refúgio inesperado no meio da cidade que surpreende visitantes de todo o mundo.

 📸Créditos: Cristine Rochol | PMPA
✍🏼 Autor: Even Oliveira 

#PortoAlegre #ruamaisbonita #naturezaurbana #arquitetura #Brasil #turismo #túnelverde #patrimônioambiental #descubraBrasil #experiênciaurbana","Diário do Pará","jornaldiariodopara","https://www.instagram.com/p/DR2_f46kvM8/","3","","133","2025-12-04T23:02:15.000Z",,"PortoAlegre","ruamaisbonita","naturezaurbana","arquitetura","Brasil","turismo","túnelverde","patrimônioambiental","descubraBrasil","experiênciaurbana",,,,,,,,,,,,,,,,,,,
"Bem-vindos à Rota Ecológica dos Milagres! 🌴✨
-
Mais um dia de aventura, sorrisos e descobertas com a Japaratinga Visit Tur.
Aqui, cada parada vira história, cada paisagem vira memória e cada cliente vive um milagre diferente nesse paraíso alagoano.
-
Partiu criar a sua próxima experiência inesquecível?
-
-
Buggy, praia e muito amor 💕🚙 #momentosinesquecíveis 
-
Está a procura de um serviço de qualidade, conforto e segurança? Vem com a gente! Aqui oferecemos os melhores serviços da região. Estamos há mais de 7 anos no ramo, buscando sempre a satisfação dos nossos clientes!
-
✴ - Buggy Rota Ecológica dos Milagres 

-
🚘 Transfer Aeroporto 24h ✈️🛩

• Maceió 
•Recife 

🏎 Passeios de Buggy:

▪︎ Buggy Praias de Japaratinga 
▪︎ Buggy Praias de Maragogi 
▪︎ Buggy Rota Ecológica dos Milagres 
▪︎ Passeio de Buggy Especial 

-
🚤 Piscinas Naturais:

🏝 ▪︎ Japaratinga 
🏝 ▪︎ Maragogi 
🏝 ▪︎ Patacho 
🏝 ▪︎ Milagres 
🏝 ▪︎ Patacho 

-
 🚖 City Tour:

▪︎ Orla Maceió 
▪︎ Praia do Francês 
▪︎ Praia do Gunga 
▪︎ Praia dos Carneiros 
▪︎ Ilha de Santo Aleixo 
▪︎ Porto de Galinhas 
-
💚💛💙
-
-
Um incrível passeio para curtir ou lado de quem você ama! 🤩🤩 
-
@japaratinga_visit_tur ⭐⭐⭐⭐⭐
-
Central de Reservas pelo WhatsApp ↙️

➡️ 📲 (82) 9 9420-9267

-
Aqui a Satisfação é Garantida ✅
-
Vem viver grandes momentos 🤗
-
Um super passeio acompanhado de um super book de fotos incluso. 
-
Vem com sua família curtir um passeio sensacional.
-

#tunelverde #saomigueldosmilagres #praiadopatacho #maragogi #japaratinga #túnelverde #antunes #nordeste #alagoas #trip #trips #caribe #japaratingaloungeresort #japaratingaresort #caribebrasileiro #litoral #litoralnorte #ferias #paraiso
#pousadasollaris #japaratingaloungeresort #bitinguipraiahotel #viladetaipaexclusivehotel #pousadadoalto #paraísodoscoqueirais #portomanguaba #albacora #penaareiaboutiquehotel #japaratingavisittur","Passeios em Japaratinga","japaratinga_visit_tur","https://www.instagram.com/p/DRyHXYLDP9j/","0","","19","2025-12-03T01:34:47.000Z",,"momentosinesquecíveis","tunelverde","saomigueldosmilagres","praiadopatacho","maragogi","japaratinga","túnelverde","antunes","nordeste","alagoas","trip","trips","caribe","japaratingaloungeresort","japaratingaresort","caribebrasileiro","litoral","litoralnorte","ferias","paraiso","pousadasollaris","bitinguipraiahotel","viladetaipaexclusivehotel","pousadadoalto","paraísodoscoqueirais","portomanguaba","albacora","penaareiaboutiquehotel","japaratingavisittur"
"TÚNEL VERDE RUMO AO 100% LED! MAIS BRILHO, MAIS ECONOMIA! ✨

A substituição das antigas luminárias de vapor de sódio por LED no nosso querido Túnel Verde está avançando!

Essa iniciativa não é apenas uma modernização, é um 
investimento com retorno direto para a cidade:

✅ Mais Segurança: Iluminação superior que garante melhor visibilidade para motoristas e pedestres.

✅ Mais Economia: Redução do consumo de energia elétrica, otimizando os recursos do Poder Executivo para investir em outras áreas.

✅ Mais Sustentabilidade: Lâmpadas LED têm maior vida útil e menor impacto ambiental.

Em breve, 100% do Túnel Verde estará mais seguro e moderno! 💚

@balneariopinhalrs
#SemeandoFuturo #BalneárioPinhalRs #TúnelVerde #LâmpadasDeLed #MaisSegurança","Rádio K FM","radiokfmoficial","https://www.instagram.com/p/DRhtRzMEWqT/","0","","1","2025-11-26T16:38:59.000Z",,"SemeandoFuturo","BalneárioPinhalRs","TúnelVerde","LâmpadasDeLed","MaisSegurança",,,,,,,,,,,,,,,,,,,,,,,,
"Túnel Verde

🌿 Túnel Verde – Caminhar sob a natureza!
💰 Investimento: Prefeitura + empresas + parcerias ambientais.
🌿 Benefícios: Sombra, lazer, ar puro e ruas mais bonitas e valorizadas.
✨ Verde que transforma a cidade e a vida de todos!
#TúnelVerde #BacabalMaisVerde #CidadeViva #UrbanismoCriativo

Se gostou marque um lider","Propostas Bacabal","minha_cidade_pode","https://www.instagram.com/p/DRZqgCgjpww/","0","","0","2025-11-23T13:40:47.000Z",,"TúnelVerde","BacabalMaisVerde","CidadeViva","UrbanismoCriativo",,,,,,,,,,,,,,,,,,,,,,,,,
